Sample_Code,Household,Sample_Type,Site,GenBac,HF183,Rum2Bac,Pig2Bac,DG37,GFD,Log10_GenBac,Log10_HF183,Log10_Rum2Bac,Log10_Pig2Bac,Log10_DG37,Log10_GFD
1001CWHM,1001,Adult hands (n=59),Urban,2.48E+05,BDL,BDL,BDL,BDL,BDL,5.39,BDL,BDL,BDL,BDL,BDL
1002CWHM,1002,Adult hands (n=59),Urban,5.42E+05,1.79E+03,BDL,BDL,1.32E+02,BDL,5.73,3.25,BDL,BDL,2.12,BDL
1006CWHM,1006,Adult hands (n=59),Urban,3.78E+04,BDL,BDL,BDL,BDL,BDL,4.58,BDL,BDL,BDL,BDL,BDL
1007CWHM,1007,Adult hands (n=59),Urban,2.65E+05,DNQ,BDL,BDL,BDL,BDL,5.42,DNQ,BDL,BDL,BDL,BDL
1010CWHM,1010,Adult hands (n=59),Urban,1.47E+06,1.15E+03,BDL,BDL,3.05E+02,BDL,6.17,3.06,BDL,BDL,2.48,BDL
1011CWHM,1011,Adult hands (n=59),Urban,4.69E+05,BDL,BDL,BDL,BDL,BDL,5.67,BDL,BDL,BDL,BDL,BDL
1012CWHM,1012,Adult hands (n=59),Urban,2.78E+05,4.88E+03,BDL,BDL,1.49E+02,BDL,5.44,3.69,BDL,BDL,2.18,BDL
1013CWHM,1013,Adult hands (n=59),Urban,3.21E+05,6.73E+02,BDL,BDL,BDL,BDL,5.51,2.83,BDL,BDL,BDL,BDL
1015CWHM,1015,Adult hands (n=59),Urban,8.14E+04,4.69E+02,BDL,BDL,BDL,BDL,4.91,2.67,BDL,BDL,BDL,BDL
1017CWHM,1017,Adult hands (n=59),Urban,2.08E+05,7.86E+02,BDL,BDL,BDL,BDL,5.32,2.9,BDL,BDL,BDL,BDL
1019CWHM,1019,Adult hands (n=59),Urban,4.86E+04,BDL,BDL,BDL,BDL,BDL,4.69,BDL,BDL,BDL,BDL,BDL
1020CNHM,1020,Adult hands (n=59),Urban,6.07E+04,4.24E+02,BDL,BDL,BDL,BDL,4.78,2.63,BDL,BDL,BDL,BDL
1021CNHM,1021,Adult hands (n=59),Urban,3.31E+05,1.19E+03,BDL,BDL,BDL,1.28E+03,5.52,3.08,BDL,BDL,BDL,3.11
1022CNHM,1022,Adult hands (n=59),Urban,2.48E+06,DNQ,BDL,BDL,BDL,BDL,6.4,DNQ,BDL,BDL,BDL,BDL
1023CNHM,1023,Adult hands (n=59),Urban,5.69E+04,DNQ,BDL,BDL,BDL,BDL,4.76,DNQ,BDL,BDL,BDL,BDL
2001CWHM,2001,Adult hands (n=59),Semi-rural,1.44E+05,9.74E+02,BDL,BDL,BDL,BDL,5.16,2.99,BDL,BDL,BDL,BDL
2004CWHM,2004,Adult hands (n=59),Semi-rural,1.94E+05,DNQ,BDL,BDL,BDL,BDL,5.29,DNQ,BDL,BDL,BDL,BDL
2007CWHM,2007,Adult hands (n=59),Semi-rural,6.21E+04,BDL,BDL,BDL,BDL,BDL,4.79,BDL,BDL,BDL,BDL,BDL
2008CWHM,2008,Adult hands (n=59),Semi-rural,1.75E+06,5.69E+04,BDL,BDL,BDL,BDL,6.24,4.76,BDL,BDL,BDL,BDL
2012CWHM,2012,Adult hands (n=59),Semi-rural,1.58E+05,4.50E+03,BDL,BDL,BDL,BDL,5.2,3.65,BDL,BDL,BDL,BDL
2013CWHM,2013,Adult hands (n=59),Semi-rural,4.70E+05,BDL,BDL,BDL,DNQ,BDL,5.67,BDL,BDL,BDL,DNQ,BDL
2015CWHM,2015,Adult hands (n=59),Semi-rural,8.74E+04,BDL,BDL,BDL,BDL,BDL,4.94,BDL,BDL,BDL,BDL,BDL
2016CWHM,2016,Adult hands (n=59),Semi-rural,1.18E+05,BDL,BDL,BDL,BDL,BDL,5.07,BDL,BDL,BDL,BDL,BDL
2018CWHM,2018,Adult hands (n=59),Semi-rural,3.18E+06,3.73E+03,BDL,BDL,BDL,BDL,6.5,3.57,BDL,BDL,BDL,BDL
2021CNHM,2021,Adult hands (n=59),Semi-rural,3.21E+05,BDL,BDL,BDL,BDL,BDL,5.51,BDL,BDL,BDL,BDL,BDL
2022CNHM,2022,Adult hands (n=59),Semi-rural,9.13E+04,BDL,4.32E+02,DNQ,BDL,BDL,4.96,BDL,2.64,DNQ,BDL,BDL
2023CNHM,2023,Adult hands (n=59),Semi-rural,3.18E+04,DNQ,BDL,BDL,BDL,BDL,4.5,DNQ,BDL,BDL,BDL,BDL
2025CNHM,2025,Adult hands (n=59),Semi-rural,2.34E+05,1.70E+03,BDL,BDL,BDL,BDL,5.37,3.23,BDL,BDL,BDL,BDL
2026CWHM,2026,Adult hands (n=59),Semi-rural,2.11E+05,BDL,BDL,BDL,BDL,BDL,5.32,BDL,BDL,BDL,BDL,BDL
2027CNHM,2027,Adult hands (n=59),Semi-rural,5.68E+06,6.32E+02,BDL,BDL,BDL,BDL,6.75,2.8,BDL,BDL,BDL,BDL
2028CNHM,2028,Adult hands (n=59),Semi-rural,8.60E+05,BDL,BDL,BDL,BDL,BDL,5.94,BDL,BDL,BDL,BDL,BDL
2029CNHM,2029,Adult hands (n=59),Semi-rural,5.81E+05,4.36E+02,BDL,BDL,BDL,BDL,5.77,2.64,BDL,BDL,BDL,BDL
2030CNHM,2030,Adult hands (n=59),Semi-rural,7.85E+05,8.19E+02,BDL,BDL,BDL,BDL,5.9,2.91,BDL,BDL,BDL,BDL
2031CNHM,2031,Adult hands (n=59),Semi-rural,7.25E+04,3.17E+02,BDL,BDL,BDL,BDL,4.86,2.5,BDL,BDL,BDL,BDL
2032CNHM,2032,Adult hands (n=59),Semi-rural,6.97E+05,3.01E+03,BDL,2.99E+04,BDL,2.81E+02,5.84,3.48,BDL,4.48,BDL,2.45
2033CNHM,2033,Adult hands (n=59),Semi-rural,1.87E+06,BDL,BDL,BDL,BDL,BDL,6.27,BDL,BDL,BDL,BDL,BDL
2034CNHM,2034,Adult hands (n=59),Semi-rural,2.73E+04,3.42E+02,BDL,BDL,BDL,BDL,4.44,2.53,BDL,BDL,BDL,BDL
2035CNHM,2035,Adult hands (n=59),Semi-rural,1.37E+05,3.38E+02,BDL,BDL,BDL,BDL,5.14,2.53,BDL,BDL,BDL,BDL
3001CWHM,3001,Adult hands (n=59),Rural,8.95E+05,BDL,BDL,BDL,BDL,BDL,5.95,BDL,BDL,BDL,BDL,BDL
3003CWHM,3003,Adult hands (n=59),Rural,3.77E+04,DNQ,BDL,BDL,BDL,BDL,4.58,DNQ,BDL,BDL,BDL,BDL
3005CWHM,3005,Adult hands (n=59),Rural,1.70E+06,BDL,BDL,BDL,BDL,BDL,6.23,BDL,BDL,BDL,BDL,BDL
3007CWHM,3007,Adult hands (n=59),Rural,4.70E+05,DNQ,BDL,BDL,BDL,BDL,5.67,DNQ,BDL,BDL,BDL,BDL
3008CNHM,3008,Adult hands (n=59),Rural,6.25E+06,4.26E+03,BDL,BDL,BDL,8.34E+02,6.8,3.63,BDL,BDL,BDL,2.92
3009CNHM,3009,Adult hands (n=59),Rural,3.30E+05,BDL,BDL,BDL,BDL,BDL,5.52,BDL,BDL,BDL,BDL,BDL
3010CNHM,3010,Adult hands (n=59),Rural,9.21E+04,3.84E+02,BDL,BDL,BDL,BDL,4.96,2.58,BDL,BDL,BDL,BDL
4002CWHM,4002,Adult hands (n=59),Rural,1.55E+07,BDL,BDL,BDL,BDL,BDL,7.19,BDL,BDL,BDL,BDL,BDL
4004CNHM,4004,Adult hands (n=59),Rural,5.36E+03,BDL,BDL,BDL,BDL,BDL,3.73,BDL,BDL,BDL,BDL,BDL
4005CNHM,4005,Adult hands (n=59),Rural,2.70E+04,7.89E+02,BDL,BDL,BDL,BDL,4.43,2.9,BDL,BDL,BDL,BDL
4006CNHM,4006,Adult hands (n=59),Rural,3.58E+04,BDL,BDL,BDL,BDL,BDL,4.55,BDL,BDL,BDL,BDL,BDL
5001CWHM,5001,Adult hands (n=59),Rural,2.31E+05,5.67E+02,BDL,BDL,BDL,BDL,5.36,2.75,BDL,BDL,BDL,BDL
5002CWHM,5002,Adult hands (n=59),Rural,5.09E+04,BDL,BDL,BDL,BDL,BDL,4.71,BDL,BDL,BDL,BDL,BDL
7002CWHM,7002,Adult hands (n=59),Rural,3.19E+05,BDL,BDL,BDL,BDL,BDL,5.5,BDL,BDL,BDL,BDL,BDL
7003CNHM,7003,Adult hands (n=59),Rural,1.16E+05,BDL,BDL,BDL,BDL,BDL,5.06,BDL,BDL,BDL,BDL,BDL
7004CNHM,7004,Adult hands (n=59),Rural,1.39E+05,BDL,BDL,3.32E+03,BDL,BDL,5.14,BDL,BDL,3.52,BDL,BDL
9001CNHM,9001,Adult hands (n=59),Rural,7.96E+05,BDL,BDL,BDL,BDL,BDL,5.9,BDL,BDL,BDL,BDL,BDL
9002CNHM,9002,Adult hands (n=59),Rural,3.60E+04,BDL,BDL,BDL,BDL,BDL,4.56,BDL,BDL,BDL,BDL,BDL
9003CWHM,9003,Adult hands (n=59),Rural,1.16E+07,BDL,BDL,BDL,BDL,BDL,7.07,BDL,BDL,BDL,BDL,BDL
9005CWHM,9005,Adult hands (n=59),Rural,3.80E+05,BDL,BDL,BDL,BDL,BDL,5.58,BDL,BDL,BDL,BDL,BDL
9006CWHM,9006,Adult hands (n=59),Rural,3.12E+05,BDL,BDL,DNQ,BDL,BDL,5.5,BDL,BDL,DNQ,BDL,BDL
1006CWCL,1006,Cellphone (n=30),Urban,1.11E+04,BDL,BDL,BDL,BDL,BDL,4.05,BDL,BDL,BDL,BDL,BDL
1010CWCL,1010,Cellphone (n=30),Urban,7.79E+04,BDL,BDL,BDL,BDL,BDL,4.89,BDL,BDL,BDL,BDL,BDL
1011CWCL,1011,Cellphone (n=30),Urban,1.75E+04,BDL,BDL,BDL,BDL,BDL,4.24,BDL,BDL,BDL,BDL,BDL
1012CWCL,1012,Cellphone (n=30),Urban,6.72E+02,BDL,BDL,BDL,BDL,BDL,2.83,BDL,BDL,BDL,BDL,BDL
1017CWCL,1017,Cellphone (n=30),Urban,2.04E+05,BDL,BDL,BDL,BDL,BDL,5.31,BDL,BDL,BDL,BDL,BDL
1019CWCL,1019,Cellphone (n=30),Urban,3.60E+03,BDL,BDL,BDL,BDL,BDL,3.56,BDL,BDL,BDL,BDL,BDL
1020CNCL,1020,Cellphone (n=30),Urban,1.74E+03,BDL,BDL,BDL,BDL,BDL,3.24,BDL,BDL,BDL,BDL,BDL
1022CNCL,1022,Cellphone (n=30),Urban,1.45E+03,BDL,BDL,BDL,BDL,BDL,3.16,BDL,BDL,BDL,BDL,BDL
1023CNCL,1023,Cellphone (n=30),Urban,5.03E+03,BDL,BDL,BDL,BDL,BDL,3.7,BDL,BDL,BDL,BDL,BDL
2007CWCL,2007,Cellphone (n=30),Semi-rural,4.26E+02,BDL,BDL,BDL,BDL,BDL,2.63,BDL,BDL,BDL,BDL,BDL
2015CWCL,2015,Cellphone (n=30),Semi-rural,BDL,BDL,BDL,BDL,BDL,BDL,BDL,BDL,BDL,BDL,BDL,BDL
2021CNCL,2021,Cellphone (n=30),Semi-rural,1.65E+03,BDL,BDL,BDL,BDL,BDL,3.22,BDL,BDL,BDL,BDL,BDL
2022CNCL,2022,Cellphone (n=30),Semi-rural,4.51E+03,BDL,BDL,BDL,BDL,BDL,3.66,BDL,BDL,BDL,BDL,BDL
2023CNCL,2023,Cellphone (n=30),Semi-rural,1.24E+03,BDL,BDL,BDL,BDL,BDL,3.09,BDL,BDL,BDL,BDL,BDL
2025CNCL,2025,Cellphone (n=30),Semi-rural,1.60E+05,1.95E+02,BDL,BDL,BDL,BDL,5.2,2.29,BDL,BDL,BDL,BDL
2027CNCL,2027,Cellphone (n=30),Semi-rural,4.96E+04,BDL,BDL,BDL,BDL,BDL,4.7,BDL,BDL,BDL,BDL,BDL
2028CNCL,2028,Cellphone (n=30),Semi-rural,1.92E+03,BDL,BDL,BDL,BDL,BDL,3.28,BDL,BDL,BDL,BDL,BDL
2029CNCL,2029,Cellphone (n=30),Semi-rural,1.41E+04,BDL,BDL,BDL,BDL,BDL,4.15,BDL,BDL,BDL,BDL,BDL
2030CNCL,2030,Cellphone (n=30),Semi-rural,1.08E+03,BDL,BDL,BDL,BDL,BDL,3.03,BDL,BDL,BDL,BDL,BDL
2031CNCL,2031,Cellphone (n=30),Semi-rural,7.51E+03,BDL,BDL,1.67E+02,BDL,BDL,3.88,BDL,BDL,2.22,BDL,BDL
2032CNCL,2032,Cellphone (n=30),Semi-rural,3.92E+03,BDL,BDL,BDL,BDL,BDL,3.59,BDL,BDL,BDL,BDL,BDL
2034CNCL,2034,Cellphone (n=30),Semi-rural,3.86E+03,BDL,BDL,BDL,BDL,BDL,3.59,BDL,BDL,BDL,BDL,BDL
2035CNCL,2035,Cellphone (n=30),Semi-rural,2.11E+03,BDL,BDL,BDL,BDL,BDL,3.32,BDL,BDL,BDL,BDL,BDL
3001CWCL,3001,Cellphone (n=30),Rural,1.51E+04,BDL,BDL,BDL,BDL,BDL,4.18,BDL,BDL,BDL,BDL,BDL
3008CNCL,3008,Cellphone (n=30),Rural,6.97E+04,BDL,BDL,BDL,BDL,BDL,4.84,BDL,BDL,BDL,BDL,BDL
3009CNCL,3009,Cellphone (n=30),Rural,6.25E+03,BDL,BDL,BDL,BDL,BDL,3.8,BDL,BDL,BDL,BDL,BDL
3010CNCL,3010,Cellphone (n=30),Rural,2.21E+03,BDL,BDL,BDL,BDL,BDL,3.34,BDL,BDL,BDL,BDL,BDL
4004CNCL,4004,Cellphone (n=30),Rural,8.85E+02,BDL,BDL,BDL,BDL,BDL,2.95,BDL,BDL,BDL,BDL,BDL
5001CWCL,5001,Cellphone (n=30),Rural,4.71E+04,BDL,BDL,BDL,BDL,BDL,4.67,BDL,BDL,BDL,BDL,BDL
9003CWCL,9003,Cellphone (n=30),Rural,7.33E+03,BDL,BDL,BDL,BDL,BDL,3.87,BDL,BDL,BDL,BDL,BDL
1001CWHC,1001,Child hands (n=31),Urban,2.54E+06,BDL,BDL,BDL,3.05E+02,BDL,6.41,BDL,BDL,BDL,2.48,BDL
1002CWHC,1002,Child hands (n=31),Urban,1.01E+06,1.37E+03,BDL,BDL,1.51E+02,BDL,6,3.14,BDL,BDL,2.18,BDL
1006CWHC,1006,Child hands (n=31),Urban,2.74E+06,2.90E+02,BDL,BDL,BDL,BDL,6.44,2.46,BDL,BDL,BDL,BDL
1007CWHC,1007,Child hands (n=31),Urban,5.44E+06,4.30E+03,BDL,BDL,4.10E+02,BDL,6.74,3.63,BDL,BDL,2.61,BDL
1010CWHC,1010,Child hands (n=31),Urban,6.32E+05,DNQ,BDL,BDL,BDL,BDL,5.8,DNQ,BDL,BDL,BDL,BDL
1011CWHC,1011,Child hands (n=31),Urban,2.14E+06,BDL,BDL,BDL,BDL,BDL,6.33,BDL,BDL,BDL,BDL,BDL
1012CWHC,1012,Child hands (n=31),Urban,1.88E+06,1.20E+04,BDL,BDL,BDL,BDL,6.28,4.08,BDL,BDL,BDL,BDL
1013CWHC,1013,Child hands (n=31),Urban,2.24E+06,1.13E+03,BDL,BDL,BDL,BDL,6.35,3.06,BDL,BDL,BDL,BDL
1015CWHC,1015,Child hands (n=31),Urban,9.75E+05,7.94E+03,BDL,BDL,BDL,BDL,5.99,3.9,BDL,BDL,BDL,BDL
1017CWHC,1017,Child hands (n=31),Urban,4.76E+06,1.38E+03,BDL,BDL,BDL,BDL,6.68,3.14,BDL,BDL,BDL,BDL
1019CWHC,1019,Child hands (n=31),Urban,6.22E+05,BDL,BDL,BDL,BDL,BDL,5.79,BDL,BDL,BDL,BDL,BDL
2001CWHC,2001,Child hands (n=31),Semi-rural,2.28E+05,3.54E+02,BDL,BDL,BDL,BDL,5.36,2.55,BDL,BDL,BDL,BDL
2004CWHC,2004,Child hands (n=31),Semi-rural,1.15E+05,BDL,BDL,BDL,BDL,BDL,5.06,BDL,BDL,BDL,BDL,BDL
2007CWHC,2007,Child hands (n=31),Semi-rural,2.41E+06,3.16E+02,BDL,BDL,DNQ,BDL,6.38,2.5,BDL,BDL,DNQ,BDL
2008CWHC,2008,Child hands (n=31),Semi-rural,1.75E+06,5.69E+04,BDL,BDL,BDL,BDL,6.24,4.76,BDL,BDL,BDL,BDL
2012CWHC,2012,Child hands (n=31),Semi-rural,1.58E+05,4.50E+03,BDL,BDL,BDL,BDL,5.2,3.65,BDL,BDL,BDL,BDL
2013CWHC,2013,Child hands (n=31),Semi-rural,1.18E+05,BDL,BDL,BDL,BDL,BDL,5.07,BDL,BDL,BDL,BDL,BDL
2015CWHC,2015,Child hands (n=31),Semi-rural,1.16E+06,4.11E+02,BDL,BDL,DNQ,BDL,6.07,2.61,BDL,BDL,DNQ,BDL
2016CWHC,2016,Child hands (n=31),Semi-rural,1.08E+05,BDL,BDL,BDL,BDL,BDL,5.04,BDL,BDL,BDL,BDL,BDL
2018CWHC,2018,Child hands (n=31),Semi-rural,5.49E+06,1.48E+03,BDL,BDL,BDL,BDL,6.74,3.17,BDL,BDL,BDL,BDL
3001CWHC,3001,Child hands (n=31),Rural,2.59E+06,BDL,BDL,BDL,BDL,BDL,6.41,BDL,BDL,BDL,BDL,BDL
3003CWHC,3003,Child hands (n=31),Rural,1.28E+06,7.57E+02,BDL,BDL,BDL,2.41E+02,6.11,2.88,BDL,BDL,BDL,2.38
3005CWHC,3005,Child hands (n=31),Rural,2.86E+06,BDL,BDL,BDL,BDL,BDL,6.46,BDL,BDL,BDL,BDL,BDL
3007CWHC,3007,Child hands (n=31),Rural,1.26E+05,BDL,BDL,BDL,BDL,BDL,5.1,BDL,BDL,BDL,BDL,BDL
4002CWHC,4002,Child hands (n=31),Rural,6.46E+05,BDL,BDL,BDL,BDL,BDL,5.81,BDL,BDL,BDL,BDL,BDL
5001CWHC,5001,Child hands (n=31),Rural,2.87E+05,BDL,BDL,BDL,BDL,BDL,5.46,BDL,BDL,BDL,BDL,BDL
5002CWHC,5002,Child hands (n=31),Rural,7.58E+04,BDL,BDL,BDL,BDL,BDL,4.88,BDL,BDL,BDL,BDL,BDL
7002CWHC,7002,Child hands (n=31),Rural,1.93E+05,BDL,BDL,BDL,BDL,BDL,5.29,BDL,BDL,BDL,BDL,BDL
9003CWHC,9003,Child hands (n=31),Rural,1.06E+08,BDL,BDL,BDL,BDL,DNQ,8.03,BDL,BDL,BDL,BDL,DNQ
9005CWHC,9005,Child hands (n=31),Rural,8.65E+04,BDL,BDL,BDL,BDL,BDL,4.94,BDL,BDL,BDL,BDL,BDL
9006CWHC,9006,Child hands (n=31),Rural,4.73E+04,BDL,BDL,BDL,BDL,BDL,4.68,BDL,BDL,BDL,BDL,BDL
2021CNDI,2021,Dish drying surface (n=10),Semi-rural,2.42E+05,BDL,BDL,BDL,BDL,BDL,5.38,BDL,BDL,BDL,BDL,BDL
2027CNDI,2027,Dish drying surface (n=10),Semi-rural,BDL,BDL,BDL,BDL,BDL,BDL,BDL,BDL,BDL,BDL,BDL,BDL
2028CNDI,2028,Dish drying surface (n=10),Semi-rural,3.72E+04,BDL,BDL,BDL,BDL,BDL,4.57,BDL,BDL,BDL,BDL,BDL
2029CNDI,2029,Dish drying surface (n=10),Semi-rural,1.46E+04,BDL,BDL,BDL,BDL,BDL,4.16,BDL,BDL,BDL,BDL,BDL
2035CNDI,2035,Dish drying surface (n=10),Semi-rural,2.37E+04,BDL,BDL,BDL,BDL,BDL,4.37,BDL,BDL,BDL,BDL,BDL
7003CNDI,7003,Dish drying surface (n=10),Rural,4.21E+03,BDL,BDL,BDL,BDL,BDL,3.63,BDL,BDL,BDL,BDL,BDL
7004CNDI,7004,Dish drying surface (n=10),Rural,4.64E+02,BDL,BDL,BDL,BDL,BDL,2.67,BDL,BDL,BDL,BDL,BDL
9001CNDI,9001,Dish drying surface (n=10),Rural,1.84E+03,BDL,BDL,BDL,BDL,BDL,3.26,BDL,BDL,BDL,BDL,BDL
9005CWDI,9005,Dish drying surface (n=10),Rural,1.17E+03,BDL,BDL,BDL,BDL,BDL,3.07,BDL,BDL,BDL,BDL,BDL
9006CWDI,9006,Dish drying surface (n=10),Rural,1.53E+03,BDL,BDL,BDL,BDL,BDL,3.19,BDL,BDL,BDL,BDL,BDL
1001CWDW,1001,Domestic water (n=48),Urban,BDL,BDL,BDL,BDL,BDL,BDL,BDL,BDL,BDL,BDL,BDL,BDL
1002CWDW,1002,Domestic water (n=48),Urban,2.32E+03,1.34E+02,BDL,BDL,BDL,BDL,3.37,2.13,BDL,BDL,BDL,BDL
1007CWDW,1007,Domestic water (n=48),Urban,BDL,BDL,BDL,BDL,BDL,BDL,BDL,BDL,BDL,BDL,BDL,BDL
1011CWDW,1011,Domestic water (n=48),Urban,8.24E+03,BDL,BDL,BDL,BDL,BDL,3.92,BDL,BDL,BDL,BDL,BDL
1012CWDW,1012,Domestic water (n=48),Urban,3.32E+03,BDL,BDL,BDL,BDL,BDL,3.52,BDL,BDL,BDL,BDL,BDL
1013CWDW,1013,Domestic water (n=48),Urban,8.93E+03,BDL,BDL,BDL,BDL,BDL,3.95,BDL,BDL,BDL,BDL,BDL
1015CWDW,1015,Domestic water (n=48),Urban,6.84E+01,BDL,BDL,BDL,BDL,BDL,1.84,BDL,BDL,BDL,BDL,BDL
1017CWDW,1017,Domestic water (n=48),Urban,BDL,BDL,BDL,BDL,BDL,BDL,BDL,BDL,BDL,BDL,BDL,BDL
1020CNDW,1020,Domestic water (n=48),Urban,BDL,BDL,BDL,BDL,BDL,BDL,BDL,BDL,BDL,BDL,BDL,BDL
1021CNDW,1021,Domestic water (n=48),Urban,BDL,BDL,BDL,BDL,BDL,BDL,BDL,BDL,BDL,BDL,BDL,BDL
1023CNDW,1023,Domestic water (n=48),Urban,1.60E+04,BDL,BDL,BDL,BDL,BDL,4.2,BDL,BDL,BDL,BDL,BDL
2001CWDW,2001,Domestic water (n=48),Semi-rural,BDL,BDL,BDL,BDL,BDL,BDL,BDL,BDL,BDL,BDL,BDL,BDL
2004CWDW,2004,Domestic water (n=48),Semi-rural,2.34E+04,BDL,BDL,BDL,BDL,BDL,4.37,BDL,BDL,BDL,BDL,BDL
2007CWDW,2007,Domestic water (n=48),Semi-rural,4.07E+02,BDL,BDL,BDL,BDL,BDL,2.61,BDL,BDL,BDL,BDL,BDL
2008CWDW,2008,Domestic water (n=48),Semi-rural,6.79E+03,BDL,BDL,BDL,BDL,BDL,3.83,BDL,BDL,BDL,BDL,BDL
2012CWDW,2012,Domestic water (n=48),Semi-rural,1.69E+02,1.98E+01,BDL,BDL,BDL,BDL,2.23,1.3,BDL,BDL,BDL,BDL
2013CWDW,2013,Domestic water (n=48),Semi-rural,BDL,BDL,BDL,BDL,BDL,BDL,BDL,BDL,BDL,BDL,BDL,BDL
2015CWDW,2015,Domestic water (n=48),Semi-rural,1.94E+04,BDL,BDL,BDL,BDL,BDL,4.29,BDL,BDL,BDL,BDL,BDL
2016CWDW,2016,Domestic water (n=48),Semi-rural,2.48E+03,BDL,BDL,BDL,BDL,BDL,3.39,BDL,BDL,BDL,BDL,BDL
2018CWDW,2018,Domestic water (n=48),Semi-rural,6.36E+03,BDL,BDL,BDL,BDL,BDL,3.8,BDL,BDL,BDL,BDL,BDL
2021CNDW,2021,Domestic water (n=48),Semi-rural,8.51E+03,BDL,BDL,BDL,BDL,BDL,3.93,BDL,BDL,BDL,BDL,BDL
2022CNDW,2022,Domestic water (n=48),Semi-rural,7.90E+02,BDL,BDL,BDL,BDL,BDL,2.9,BDL,BDL,BDL,BDL,BDL
2023CNDW,2023,Domestic water (n=48),Semi-rural,1.36E+05,BDL,BDL,BDL,BDL,BDL,5.14,BDL,BDL,BDL,BDL,BDL
2025CNDW,2025,Domestic water (n=48),Semi-rural,7.95E+04,1.17E+02,BDL,BDL,BDL,BDL,4.9,2.07,BDL,BDL,BDL,BDL
2026CWDW,2026,Domestic water (n=48),Semi-rural,6.62E+03,BDL,BDL,BDL,BDL,BDL,3.82,BDL,BDL,BDL,BDL,BDL
2027CNDW,2027,Domestic water (n=48),Semi-rural,3.61E+03,BDL,BDL,BDL,BDL,BDL,3.56,BDL,BDL,BDL,BDL,BDL
2028CNDW,2028,Domestic water (n=48),Semi-rural,2.08E+04,BDL,BDL,BDL,BDL,BDL,4.32,BDL,BDL,BDL,BDL,BDL
2029CNDW,2029,Domestic water (n=48),Semi-rural,3.38E+01,BDL,BDL,BDL,BDL,BDL,1.53,BDL,BDL,BDL,BDL,BDL
2030CNDW,2030,Domestic water (n=48),Semi-rural,6.72E+03,BDL,BDL,BDL,BDL,BDL,3.83,BDL,BDL,BDL,BDL,BDL
2032CNDW,2032,Domestic water (n=48),Semi-rural,1.97E+03,BDL,BDL,BDL,BDL,BDL,3.29,BDL,BDL,BDL,BDL,BDL
2033CNDW,2033,Domestic water (n=48),Semi-rural,8.00E+03,BDL,BDL,BDL,BDL,BDL,3.9,BDL,BDL,BDL,BDL,BDL
2034CNDW,2034,Domestic water (n=48),Semi-rural,3.46E+02,DNQ,BDL,BDL,BDL,BDL,2.54,BDL,BDL,BDL,BDL,BDL
2035CNDW,2035,Domestic water (n=48),Semi-rural,1.08E+04,BDL,BDL,BDL,BDL,BDL,4.03,BDL,BDL,BDL,BDL,BDL
3001CWDW,3001,Domestic water (n=48),Rural,1.62E+03,BDL,BDL,BDL,BDL,BDL,3.21,BDL,BDL,BDL,BDL,BDL
3003CWDW,3003,Domestic water (n=48),Rural,5.54E+01,BDL,BDL,BDL,BDL,BDL,1.74,BDL,BDL,BDL,BDL,BDL
3005CWDW,3005,Domestic water (n=48),Rural,3.17E+03,BDL,BDL,BDL,BDL,BDL,3.5,BDL,BDL,BDL,BDL,BDL
3008CNDW,3008,Domestic water (n=48),Rural,6.17E+03,BDL,BDL,BDL,BDL,BDL,3.79,BDL,BDL,BDL,BDL,BDL
3009CNDW,3009,Domestic water (n=48),Rural,2.81E+03,BDL,BDL,BDL,BDL,BDL,3.45,BDL,BDL,BDL,BDL,BDL
3010CNDW,3010,Domestic water (n=48),Rural,2.07E+03,BDL,BDL,BDL,BDL,BDL,3.32,BDL,BDL,BDL,BDL,BDL
4002CWDW,4002,Domestic water (n=48),Rural,1.54E+04,BDL,BDL,BDL,BDL,BDL,4.19,BDL,BDL,BDL,BDL,BDL
4004CNDW,4004,Domestic water (n=48),Rural,8.53E+02,BDL,BDL,BDL,BDL,BDL,2.93,BDL,BDL,BDL,BDL,BDL
4005CNDW,4005,Domestic water (n=48),Rural,2.06E+04,2.07E+03,BDL,BDL,BDL,BDL,4.31,3.32,BDL,BDL,BDL,BDL
4006CNDW,4006,Domestic water (n=48),Rural,1.44E+04,BDL,BDL,BDL,BDL,BDL,4.16,BDL,BDL,BDL,BDL,BDL
5002CWDW,5002,Domestic water (n=48),Rural,BDL,BDL,BDL,BDL,BDL,BDL,BDL,BDL,BDL,BDL,BDL,BDL
7002CWDW,7002,Domestic water (n=48),Rural,4.56E+02,BDL,BDL,BDL,BDL,BDL,2.66,BDL,BDL,BDL,BDL,BDL
7003CNDW,7003,Domestic water (n=48),Rural,2.62E+03,BDL,BDL,BDL,BDL,BDL,3.42,BDL,BDL,BDL,BDL,BDL
7004CNDW,7004,Domestic water (n=48),Rural,3.00E+04,BDL,BDL,BDL,BDL,BDL,4.48,BDL,BDL,BDL,BDL,BDL
9001CNDW,9001,Domestic water (n=48),Rural,3.65E+04,BDL,BDL,BDL,BDL,BDL,4.56,BDL,BDL,BDL,BDL,BDL
1001CWDK,1001,Doorknob (n=59),Urban,1.68E+04,BDL,BDL,BDL,BDL,BDL,4.23,BDL,BDL,BDL,BDL,BDL
1002CWDK,1002,Doorknob (n=59),Urban,1.58E+04,BDL,BDL,BDL,BDL,BDL,4.2,BDL,BDL,BDL,BDL,BDL
1006CWDK,1006,Doorknob (n=59),Urban,2.08E+04,BDL,BDL,BDL,BDL,BDL,4.32,BDL,BDL,BDL,BDL,BDL
1007CWDK,1007,Doorknob (n=59),Urban,8.27E+03,BDL,BDL,BDL,BDL,BDL,3.92,BDL,BDL,BDL,BDL,BDL
1010CWDK,1010,Doorknob (n=59),Urban,9.06E+03,BDL,BDL,BDL,BDL,BDL,3.96,BDL,BDL,BDL,BDL,BDL
1011CWDK,1011,Doorknob (n=59),Urban,1.63E+04,BDL,BDL,BDL,BDL,BDL,4.21,BDL,BDL,BDL,BDL,BDL
1012CWDK,1012,Doorknob (n=59),Urban,2.25E+03,BDL,BDL,BDL,BDL,BDL,3.35,BDL,BDL,BDL,BDL,BDL
1013CWDK,1013,Doorknob (n=59),Urban,1.73E+04,BDL,BDL,BDL,BDL,BDL,4.24,BDL,BDL,BDL,BDL,BDL
1015CWDK,1015,Doorknob (n=59),Urban,3.43E+03,BDL,BDL,BDL,BDL,BDL,3.54,BDL,BDL,BDL,BDL,BDL
1017CWDK,1017,Doorknob (n=59),Urban,2.38E+04,1.85E+02,BDL,BDL,BDL,BDL,4.38,2.27,BDL,BDL,BDL,BDL
1019CWDK,1019,Doorknob (n=59),Urban,2.96E+03,BDL,BDL,BDL,BDL,BDL,3.47,BDL,BDL,BDL,BDL,BDL
1020CNDK,1020,Doorknob (n=59),Urban,1.87E+04,BDL,BDL,BDL,BDL,BDL,4.27,BDL,BDL,BDL,BDL,BDL
1021CNDK,1021,Doorknob (n=59),Urban,3.06E+04,BDL,BDL,BDL,BDL,2.25E+02,4.49,BDL,BDL,BDL,BDL,2.35
1022CNDK,1022,Doorknob (n=59),Urban,8.40E+03,BDL,BDL,BDL,BDL,BDL,3.92,BDL,BDL,BDL,BDL,BDL
1023CNDK,1023,Doorknob (n=59),Urban,2.61E+04,BDL,BDL,BDL,BDL,BDL,4.42,BDL,BDL,BDL,BDL,BDL
2001CWDK,2001,Doorknob (n=59),Semi-rural,1.67E+04,BDL,BDL,BDL,BDL,BDL,4.22,BDL,BDL,BDL,BDL,BDL
2004CWDK,2004,Doorknob (n=59),Semi-rural,1.01E+04,BDL,BDL,BDL,BDL,BDL,4,BDL,BDL,BDL,BDL,BDL
2007CWDK,2007,Doorknob (n=59),Semi-rural,1.07E+04,BDL,BDL,BDL,DNQ,BDL,4.03,BDL,BDL,BDL,DNQ,BDL
2008CWDK,2008,Doorknob (n=59),Semi-rural,1.26E+04,1.27E+02,BDL,BDL,BDL,BDL,4.1,2.1,BDL,BDL,BDL,BDL
2012CWDK,2012,Doorknob (n=59),Semi-rural,1.86E+05,5.60E+04,BDL,BDL,BDL,BDL,5.27,4.75,BDL,BDL,BDL,BDL
2013CWDK,2013,Doorknob (n=59),Semi-rural,3.28E+04,BDL,BDL,BDL,BDL,BDL,4.52,BDL,BDL,BDL,BDL,BDL
2015CWDK,2015,Doorknob (n=59),Semi-rural,7.44E+02,BDL,BDL,BDL,BDL,BDL,2.87,BDL,BDL,BDL,BDL,BDL
2016CWDK,2016,Doorknob (n=59),Semi-rural,8.42E+03,BDL,BDL,BDL,BDL,BDL,3.93,BDL,BDL,BDL,BDL,BDL
2018CWDK,2018,Doorknob (n=59),Semi-rural,4.71E+03,BDL,BDL,BDL,BDL,BDL,3.67,BDL,BDL,BDL,BDL,BDL
2021CNDK,2021,Doorknob (n=59),Semi-rural,3.86E+04,BDL,BDL,BDL,BDL,BDL,4.59,BDL,BDL,BDL,BDL,BDL
2022CNDK,2022,Doorknob (n=59),Semi-rural,6.65E+03,BDL,BDL,1.29E+02,BDL,BDL,3.82,BDL,BDL,2.11,BDL,BDL
2023CNDK,2023,Doorknob (n=59),Semi-rural,2.66E+03,BDL,BDL,BDL,BDL,BDL,3.43,BDL,BDL,BDL,BDL,BDL
2025CNDK,2025,Doorknob (n=59),Semi-rural,5.28E+03,1.95E+02,BDL,BDL,BDL,BDL,3.72,2.29,BDL,BDL,BDL,BDL
2026CWDK,2026,Doorknob (n=59),Semi-rural,5.37E+03,BDL,BDL,BDL,BDL,BDL,3.73,BDL,BDL,BDL,BDL,BDL
2027CNDK,2027,Doorknob (n=59),Semi-rural,1.29E+04,BDL,BDL,BDL,BDL,BDL,4.11,BDL,BDL,BDL,BDL,BDL
2028CNDK,2028,Doorknob (n=59),Semi-rural,1.85E+03,BDL,BDL,BDL,BDL,BDL,3.27,BDL,BDL,BDL,BDL,BDL
2029CNDK,2029,Doorknob (n=59),Semi-rural,6.65E+04,BDL,BDL,BDL,BDL,BDL,4.82,BDL,BDL,BDL,BDL,BDL
2030CNDK,2030,Doorknob (n=59),Semi-rural,3.12E+04,BDL,BDL,BDL,BDL,BDL,4.49,BDL,BDL,BDL,BDL,BDL
2031CNDK,2031,Doorknob (n=59),Semi-rural,4.01E+04,BDL,BDL,BDL,BDL,BDL,4.6,BDL,BDL,BDL,BDL,BDL
2032CNDK,2032,Doorknob (n=59),Semi-rural,1.04E+04,BDL,BDL,1.63E+02,BDL,BDL,4.02,BDL,BDL,2.21,BDL,BDL
2033CNDK,2033,Doorknob (n=59),Semi-rural,3.47E+04,BDL,BDL,BDL,BDL,BDL,4.54,BDL,BDL,BDL,BDL,BDL
2034CNDK,2034,Doorknob (n=59),Semi-rural,6.27E+05,BDL,BDL,BDL,BDL,BDL,5.8,BDL,BDL,BDL,BDL,BDL
2035CNDK,2035,Doorknob (n=59),Semi-rural,BDL,BDL,BDL,BDL,BDL,BDL,BDL,BDL,BDL,BDL,BDL,BDL
3001CWDK,3001,Doorknob (n=59),Rural,1.29E+03,BDL,BDL,BDL,BDL,BDL,3.11,BDL,BDL,BDL,BDL,BDL
3003CWDK,3003,Doorknob (n=59),Rural,2.05E+04,2.46E+02,BDL,BDL,BDL,BDL,4.31,2.39,BDL,BDL,BDL,BDL
3005CWDK,3005,Doorknob (n=59),Rural,1.03E+04,BDL,BDL,BDL,BDL,1.27E+02,4.02,BDL,BDL,BDL,BDL,2.11
3007CWDK,3007,Doorknob (n=59),Rural,1.63E+04,BDL,BDL,BDL,BDL,BDL,4.21,BDL,BDL,BDL,BDL,BDL
3008CNDK,3008,Doorknob (n=59),Rural,3.80E+04,1.19E+02,BDL,BDL,BDL,BDL,4.58,2.08,BDL,BDL,BDL,BDL
3009CNDK,3009,Doorknob (n=59),Rural,7.31E+03,BDL,BDL,BDL,BDL,BDL,3.86,BDL,BDL,BDL,BDL,BDL
3010CNDK,3010,Doorknob (n=59),Rural,9.38E+02,BDL,BDL,BDL,BDL,BDL,2.97,BDL,BDL,BDL,BDL,BDL
4002CWDK,4002,Doorknob (n=59),Rural,4.08E+04,BDL,BDL,BDL,BDL,BDL,4.61,BDL,BDL,BDL,BDL,BDL
4004CNDK,4004,Doorknob (n=59),Rural,1.97E+04,BDL,BDL,BDL,BDL,BDL,4.29,BDL,BDL,BDL,BDL,BDL
4005CNDK,4005,Doorknob (n=59),Rural,2.43E+03,BDL,BDL,BDL,BDL,BDL,3.39,BDL,BDL,BDL,BDL,BDL
4006CNDK,4006,Doorknob (n=59),Rural,4.53E+04,BDL,BDL,BDL,BDL,BDL,4.66,BDL,BDL,BDL,BDL,BDL
5001CWDK,5001,Doorknob (n=59),Rural,1.01E+05,BDL,BDL,BDL,BDL,BDL,5,BDL,BDL,BDL,BDL,BDL
5002CWDK,5002,Doorknob (n=59),Rural,5.97E+03,BDL,BDL,BDL,BDL,BDL,3.78,BDL,BDL,BDL,BDL,BDL
7002CWDK,7002,Doorknob (n=59),Rural,4.95E+03,BDL,BDL,BDL,BDL,BDL,3.69,BDL,BDL,BDL,BDL,BDL
7003CNDK,7003,Doorknob (n=59),Rural,4.76E+04,BDL,BDL,BDL,BDL,BDL,4.68,BDL,BDL,BDL,BDL,BDL
7004CNDK,7004,Doorknob (n=59),Rural,4.75E+03,BDL,BDL,BDL,BDL,BDL,3.68,BDL,BDL,BDL,BDL,BDL
9001CNDK,9001,Doorknob (n=59),Rural,9.02E+03,BDL,BDL,BDL,BDL,BDL,3.96,BDL,BDL,BDL,BDL,BDL
9002CNDK,9002,Doorknob (n=59),Rural,5.86E+03,BDL,BDL,BDL,BDL,BDL,3.77,BDL,BDL,BDL,BDL,BDL
9003CWDK,9003,Doorknob (n=59),Rural,5.38E+03,BDL,BDL,BDL,BDL,BDL,3.73,BDL,BDL,BDL,BDL,BDL
9005CWDK,9005,Doorknob (n=59),Rural,7.33E+04,BDL,BDL,BDL,BDL,BDL,4.87,BDL,BDL,BDL,BDL,BDL
9006CWDK,9006,Doorknob (n=59),Rural,2.13E+04,BDL,BDL,BDL,BDL,BDL,4.33,BDL,BDL,BDL,BDL,BDL
1001CWKW,1001,Drinking water (n=55),Urban,6.50E+02,BDL,BDL,BDL,BDL,BDL,2.81,BDL,BDL,BDL,BDL,BDL
1002CWKW,1002,Drinking water (n=55),Urban,BDL,BDL,BDL,BDL,BDL,BDL,BDL,BDL,BDL,BDL,BDL,BDL
1006CWKW,1006,Drinking water (n=55),Urban,4.58E+01,BDL,BDL,BDL,BDL,BDL,1.66,BDL,BDL,BDL,BDL,BDL
1007CWKW,1007,Drinking water (n=55),Urban,3.88E+02,BDL,BDL,BDL,BDL,BDL,2.59,BDL,BDL,BDL,BDL,BDL
1010CWKW,1010,Drinking water (n=55),Urban,DNQ,BDL,BDL,BDL,BDL,BDL,DNQ,BDL,BDL,BDL,BDL,BDL
1011CWKW,1011,Drinking water (n=55),Urban,BDL,BDL,BDL,BDL,BDL,BDL,BDL,BDL,BDL,BDL,BDL,BDL
1012CWKW,1012,Drinking water (n=55),Urban,9.98E+02,BDL,BDL,BDL,BDL,BDL,3,BDL,BDL,BDL,BDL,BDL
1013CWKW,1013,Drinking water (n=55),Urban,1.89E+02,BDL,BDL,BDL,BDL,BDL,2.28,BDL,BDL,BDL,BDL,BDL
1015CWKW,1015,Drinking water (n=55),Urban,BDL,BDL,BDL,BDL,BDL,BDL,BDL,BDL,BDL,BDL,BDL,BDL
1017CWKW,1017,Drinking water (n=55),Urban,BDL,BDL,BDL,BDL,BDL,BDL,BDL,BDL,BDL,BDL,BDL,BDL
1019CWKW,1019,Drinking water (n=55),Urban,BDL,BDL,BDL,BDL,BDL,BDL,BDL,BDL,BDL,BDL,BDL,BDL
1020CNKW,1020,Drinking water (n=55),Urban,BDL,BDL,BDL,BDL,BDL,BDL,BDL,BDL,BDL,BDL,BDL,BDL
1021CNKW,1021,Drinking water (n=55),Urban,5.36E+01,BDL,BDL,BDL,BDL,BDL,1.73,BDL,BDL,BDL,BDL,BDL
1022CNKW,1022,Drinking water (n=55),Urban,BDL,BDL,BDL,BDL,BDL,BDL,BDL,BDL,BDL,BDL,BDL,BDL
1023CNKW,1023,Drinking water (n=55),Urban,BDL,BDL,BDL,BDL,BDL,BDL,BDL,BDL,BDL,BDL,BDL,BDL
2001CWKW,2001,Drinking water (n=55),Semi-rural,8.01E+03,BDL,BDL,BDL,BDL,BDL,3.9,BDL,BDL,BDL,BDL,BDL
2004CWKW,2004,Drinking water (n=55),Semi-rural,6.72E+02,BDL,BDL,BDL,BDL,BDL,2.83,BDL,BDL,BDL,BDL,BDL
2007CWKW,2007,Drinking water (n=55),Semi-rural,BDL,BDL,BDL,BDL,BDL,BDL,BDL,BDL,BDL,BDL,BDL,BDL
2008CWKW,2008,Drinking water (n=55),Semi-rural,9.74E+02,BDL,BDL,BDL,BDL,BDL,2.99,BDL,BDL,BDL,BDL,BDL
2012CWKW,2012,Drinking water (n=55),Semi-rural,6.74E+01,BDL,BDL,BDL,BDL,BDL,1.83,BDL,BDL,BDL,BDL,BDL
2013CWKW,2013,Drinking water (n=55),Semi-rural,4.51E+01,BDL,BDL,BDL,BDL,BDL,1.66,BDL,BDL,BDL,BDL,BDL
2015CWKW,2015,Drinking water (n=55),Semi-rural,BDL,BDL,BDL,BDL,BDL,BDL,BDL,BDL,BDL,BDL,BDL,BDL
2016CWKW,2016,Drinking water (n=55),Semi-rural,1.71E+02,BDL,BDL,BDL,BDL,BDL,2.23,BDL,BDL,BDL,BDL,BDL
2018CWKW,2018,Drinking water (n=55),Semi-rural,BDL,BDL,BDL,BDL,BDL,BDL,BDL,BDL,BDL,BDL,BDL,BDL
2021CNKW,2021,Drinking water (n=55),Semi-rural,2.24E+02,BDL,BDL,BDL,BDL,BDL,2.35,BDL,BDL,BDL,BDL,BDL
2022CNKW,2022,Drinking water (n=55),Semi-rural,5.28E+03,BDL,BDL,BDL,BDL,BDL,3.72,BDL,BDL,BDL,BDL,BDL
2023CNKW,2023,Drinking water (n=55),Semi-rural,BDL,BDL,BDL,BDL,BDL,BDL,BDL,BDL,BDL,BDL,BDL,BDL
2025CNKW,2025,Drinking water (n=55),Semi-rural,2.22E+01,BDL,BDL,BDL,BDL,BDL,1.35,BDL,BDL,BDL,BDL,BDL
2026CWKW,2026,Drinking water (n=55),Semi-rural,5.70E+02,BDL,BDL,BDL,BDL,BDL,2.76,BDL,BDL,BDL,BDL,BDL
2027CNKW,2027,Drinking water (n=55),Semi-rural,2.12E+03,BDL,BDL,BDL,BDL,BDL,3.33,BDL,BDL,BDL,BDL,BDL
2029CNKW,2029,Drinking water (n=55),Semi-rural,4.45E+02,BDL,BDL,BDL,BDL,BDL,2.65,BDL,BDL,BDL,BDL,BDL
2030CNKW,2030,Drinking water (n=55),Semi-rural,1.22E+03,BDL,BDL,BDL,BDL,BDL,3.09,BDL,BDL,BDL,BDL,BDL
2031CNKW,2031,Drinking water (n=55),Semi-rural,4.15E+02,BDL,BDL,BDL,BDL,BDL,2.62,BDL,BDL,BDL,BDL,BDL
2032CNKW,2032,Drinking water (n=55),Semi-rural,BDL,BDL,BDL,BDL,BDL,BDL,BDL,BDL,BDL,BDL,BDL,BDL
2033CNKW,2033,Drinking water (n=55),Semi-rural,6.04E+01,BDL,BDL,BDL,BDL,BDL,1.78,BDL,BDL,BDL,BDL,BDL
2035CNKW,2035,Drinking water (n=55),Semi-rural,3.19E+04,BDL,BDL,BDL,BDL,BDL,4.5,BDL,BDL,BDL,BDL,BDL
3001CWKW,3001,Drinking water (n=55),Rural,1.16E+02,BDL,BDL,BDL,BDL,BDL,2.07,BDL,BDL,BDL,BDL,BDL
3003CWKW,3003,Drinking water (n=55),Rural,2.30E+02,BDL,BDL,BDL,BDL,BDL,2.36,BDL,BDL,BDL,BDL,BDL
3005CWKW,3005,Drinking water (n=55),Rural,1.13E+03,BDL,BDL,BDL,BDL,BDL,3.05,BDL,BDL,BDL,BDL,BDL
3007CWKW,3007,Drinking water (n=55),Rural,9.62E+02,BDL,BDL,BDL,BDL,BDL,2.98,BDL,BDL,BDL,BDL,BDL
3008CNKW,3008,Drinking water (n=55),Rural,4.16E+02,BDL,BDL,BDL,BDL,BDL,2.62,BDL,BDL,BDL,BDL,BDL
3009CNKW,3009,Drinking water (n=55),Rural,2.98E+03,BDL,BDL,1.18E+01,BDL,BDL,3.47,BDL,BDL,1.07,BDL,BDL
3010CNKW,3010,Drinking water (n=55),Rural,BDL,BDL,BDL,BDL,BDL,BDL,BDL,BDL,BDL,BDL,BDL,BDL
4004CNKW,4004,Drinking water (n=55),Rural,BDL,BDL,BDL,BDL,BDL,BDL,BDL,BDL,BDL,BDL,BDL,BDL
4005CNKW,4005,Drinking water (n=55),Rural,2.36E+02,BDL,BDL,BDL,BDL,BDL,2.37,BDL,BDL,BDL,BDL,BDL
5001CWKW,5001,Drinking water (n=55),Rural,3.60E+01,BDL,BDL,BDL,BDL,BDL,1.56,BDL,BDL,BDL,BDL,BDL
5002CWKW,5002,Drinking water (n=55),Rural,BDL,BDL,BDL,BDL,BDL,BDL,BDL,BDL,BDL,BDL,BDL,BDL
7002CWKW,7002,Drinking water (n=55),Rural,1.69E+05,BDL,BDL,BDL,BDL,BDL,5.23,BDL,BDL,BDL,BDL,BDL
7003CNKW,7003,Drinking water (n=55),Rural,5.86E+02,BDL,BDL,BDL,BDL,BDL,2.77,BDL,BDL,BDL,BDL,BDL
7004CNKW,7004,Drinking water (n=55),Rural,2.75E+03,BDL,BDL,BDL,BDL,BDL,3.44,BDL,BDL,BDL,BDL,BDL
9001CNKW,9001,Drinking water (n=55),Rural,2.82E+03,BDL,BDL,BDL,BDL,BDL,3.45,BDL,BDL,BDL,BDL,BDL
9002CNKW,9002,Drinking water (n=55),Rural,1.61E+04,BDL,BDL,BDL,BDL,BDL,4.21,BDL,BDL,BDL,BDL,BDL
9003CWKW,9003,Drinking water (n=55),Rural,4.62E+03,BDL,BDL,BDL,BDL,DNQ,3.66,BDL,BDL,BDL,BDL,DNQ
9005CWKW,9005,Drinking water (n=55),Rural,DNQ,BDL,BDL,BDL,BDL,BDL,DNQ,BDL,BDL,BDL,BDL,BDL
9006CWKW,9006,Drinking water (n=55),Rural,1.83E+02,BDL,BDL,BDL,BDL,BDL,2.26,BDL,BDL,BDL,BDL,BDL
1001CWFL,1001,Floor (n=59),Urban,5.58E+04,BDL,BDL,BDL,2.32E+02,3.01E+02,4.75,BDL,BDL,BDL,2.37,2.48
1002CWFL,1002,Floor (n=59),Urban,1.60E+04,1.78E+02,BDL,BDL,BDL,BDL,4.2,2.25,BDL,BDL,BDL,BDL
1006CWFL,1006,Floor (n=59),Urban,6.50E+04,BDL,BDL,BDL,BDL,BDL,4.81,BDL,BDL,BDL,BDL,BDL
1007CWFL,1007,Floor (n=59),Urban,2.78E+05,4.93E+02,BDL,BDL,4.20E+02,1.77E+02,5.45,2.69,BDL,BDL,2.62,2.25
1010CWFL,1010,Floor (n=59),Urban,1.45E+05,BDL,BDL,BDL,2.37E+02,BDL,5.16,BDL,BDL,BDL,2.38,BDL
1011CWFL,1011,Floor (n=59),Urban,5.09E+06,BDL,BDL,BDL,BDL,3.74E+02,6.71,BDL,BDL,BDL,BDL,2.57
1012CWFL,1012,Floor (n=59),Urban,7.27E+04,1.64E+03,BDL,BDL,BDL,BDL,4.86,3.21,BDL,BDL,BDL,BDL
1013CWFL,1013,Floor (n=59),Urban,7.26E+04,6.63E+02,BDL,BDL,BDL,BDL,4.86,2.82,BDL,BDL,BDL,BDL
1015CWFL,1015,Floor (n=59),Urban,2.23E+04,1.30E+02,BDL,BDL,BDL,BDL,4.35,2.11,BDL,BDL,BDL,BDL
1017CWFL,1017,Floor (n=59),Urban,8.30E+04,2.13E+03,BDL,BDL,2.85E+02,BDL,4.92,3.33,BDL,BDL,2.46,BDL
1019CWFL,1019,Floor (n=59),Urban,BDL,BDL,BDL,BDL,BDL,BDL,BDL,BDL,BDL,BDL,BDL,BDL
1020CNFL,1020,Floor (n=59),Urban,2.81E+05,2.72E+02,BDL,1.69E+03,2.05E+02,8.53E+02,5.45,2.44,BDL,3.23,2.31,2.93
1021CNFL,1021,Floor (n=59),Urban,4.04E+05,DNQ,BDL,BDL,BDL,BDL,5.61,DNQ,BDL,BDL,BDL,BDL
1022CNFL,1022,Floor (n=59),Urban,3.17E+04,BDL,BDL,BDL,BDL,BDL,4.5,BDL,BDL,BDL,BDL,BDL
1023CNFL,1023,Floor (n=59),Urban,9.00E+05,BDL,BDL,BDL,4.36E+02,1.25E+03,5.95,BDL,BDL,BDL,2.64,3.1
2001CWFL,2001,Floor (n=59),Semi-rural,4.84E+05,1.28E+02,BDL,BDL,BDL,3.48E+02,5.69,2.11,BDL,BDL,BDL,2.54
2004CWFL,2004,Floor (n=59),Semi-rural,3.61E+05,BDL,BDL,BDL,BDL,DNQ,5.56,BDL,BDL,BDL,BDL,DNQ
2007CWFL,2007,Floor (n=59),Semi-rural,3.91E+05,1.41E+02,2.78E+02,BDL,2.02E+02,5.55E+02,5.59,2.15,2.45,BDL,2.31,2.75
2008CWFL,2008,Floor (n=59),Semi-rural,2.23E+05,9.60E+02,BDL,BDL,9.31E+01,BDL,5.35,2.98,BDL,BDL,1.97,BDL
2012CWFL,2012,Floor (n=59),Semi-rural,1.40E+05,4.58E+02,BDL,BDL,BDL,2.09E+02,5.15,2.66,BDL,BDL,BDL,2.32
2013CWFL,2013,Floor (n=59),Semi-rural,1.78E+05,BDL,BDL,BDL,BDL,7.24E+02,5.25,BDL,BDL,BDL,BDL,2.86
2015CWFL,2015,Floor (n=59),Semi-rural,8.12E+03,BDL,BDL,BDL,BDL,BDL,3.91,BDL,BDL,BDL,BDL,BDL
2016CWFL,2016,Floor (n=59),Semi-rural,1.36E+05,3.81E+02,BDL,BDL,BDL,BDL,5.13,2.58,BDL,BDL,BDL,BDL
2018CWFL,2018,Floor (n=59),Semi-rural,2.86E+05,7.03E+02,BDL,BDL,1.41E+02,BDL,5.46,2.85,BDL,BDL,2.15,BDL
2021CNFL,2021,Floor (n=59),Semi-rural,1.90E+05,BDL,BDL,BDL,BDL,4.91E+02,5.28,BDL,BDL,BDL,BDL,2.69
2022CNFL,2022,Floor (n=59),Semi-rural,2.80E+03,BDL,BDL,BDL,BDL,BDL,3.45,BDL,BDL,BDL,BDL,BDL
2023CNFL,2023,Floor (n=59),Semi-rural,1.93E+04,BDL,BDL,BDL,BDL,BDL,4.29,BDL,BDL,BDL,BDL,BDL
2025CNFL,2025,Floor (n=59),Semi-rural,2.39E+04,BDL,BDL,BDL,BDL,BDL,4.38,BDL,BDL,BDL,BDL,BDL
2026CWFL,2026,Floor (n=59),Semi-rural,3.94E+05,BDL,BDL,BDL,BDL,BDL,5.6,BDL,BDL,BDL,BDL,BDL
2027CNFL,2027,Floor (n=59),Semi-rural,BDL,BDL,BDL,BDL,BDL,BDL,BDL,BDL,BDL,BDL,BDL,BDL
2028CNFL,2028,Floor (n=59),Semi-rural,1.34E+03,BDL,BDL,BDL,BDL,BDL,3.13,BDL,BDL,BDL,BDL,BDL
2029CNFL,2029,Floor (n=59),Semi-rural,1.74E+06,1.65E+02,BDL,7.29E+02,BDL,1.43E+02,6.24,2.22,BDL,2.86,BDL,2.15
2030CNFL,2030,Floor (n=59),Semi-rural,5.74E+04,1.33E+02,BDL,BDL,BDL,BDL,4.76,2.12,BDL,BDL,BDL,BDL
2031CNFL,2031,Floor (n=59),Semi-rural,1.59E+04,BDL,BDL,BDL,BDL,BDL,4.2,BDL,BDL,BDL,BDL,BDL
2032CNFL,2032,Floor (n=59),Semi-rural,5.20E+04,BDL,BDL,BDL,BDL,BDL,4.72,BDL,BDL,BDL,BDL,BDL
2033CNFL,2033,Floor (n=59),Semi-rural,1.46E+05,BDL,BDL,BDL,BDL,BDL,5.17,BDL,BDL,BDL,BDL,BDL
2034CNFL,2034,Floor (n=59),Semi-rural,2.76E+04,BDL,BDL,BDL,BDL,BDL,4.44,BDL,BDL,BDL,BDL,BDL
2035CNFL,2035,Floor (n=59),Semi-rural,2.88E+03,BDL,BDL,BDL,BDL,BDL,3.46,BDL,BDL,BDL,BDL,BDL
3001CWFL,3001,Floor (n=59),Rural,BDL,BDL,BDL,BDL,BDL,BDL,BDL,BDL,BDL,BDL,BDL,BDL
3003CWFL,3003,Floor (n=59),Rural,4.01E+04,2.55E+02,BDL,BDL,BDL,4.76E+02,4.6,2.41,BDL,BDL,BDL,2.68
3005CWFL,3005,Floor (n=59),Rural,6.02E+04,BDL,BDL,BDL,BDL,BDL,4.78,BDL,BDL,BDL,BDL,BDL
3007CWFL,3007,Floor (n=59),Rural,DNQ,BDL,BDL,BDL,BDL,BDL,DNQ,BDL,BDL,BDL,BDL,BDL
3008CNFL,3008,Floor (n=59),Rural,3.56E+06,BDL,BDL,BDL,BDL,1.77E+02,6.55,BDL,BDL,BDL,BDL,2.25
3009CNFL,3009,Floor (n=59),Rural,9.37E+04,BDL,BDL,5.08E+03,BDL,BDL,4.97,BDL,BDL,3.71,BDL,BDL
3010CNFL,3010,Floor (n=59),Rural,1.26E+04,BDL,BDL,BDL,BDL,BDL,4.1,BDL,BDL,BDL,BDL,BDL
4002CWFL,4002,Floor (n=59),Rural,BDL,BDL,BDL,BDL,BDL,BDL,BDL,BDL,BDL,BDL,BDL,BDL
4004CNFL,4004,Floor (n=59),Rural,2.62E+02,BDL,BDL,BDL,BDL,BDL,2.42,BDL,BDL,BDL,BDL,BDL
4005CNFL,4005,Floor (n=59),Rural,3.45E+04,BDL,BDL,BDL,BDL,BDL,4.54,BDL,BDL,BDL,BDL,BDL
4006CNFL,4006,Floor (n=59),Rural,5.46E+04,BDL,BDL,BDL,BDL,DNQ,4.74,BDL,BDL,BDL,BDL,DNQ
5001CWFL,5001,Floor (n=59),Rural,DNQ,BDL,BDL,BDL,BDL,BDL,DNQ,BDL,BDL,BDL,BDL,BDL
5002CWFL,5002,Floor (n=59),Rural,2.08E+04,BDL,BDL,BDL,BDL,BDL,4.32,BDL,BDL,BDL,BDL,BDL
7002CWFL,7002,Floor (n=59),Rural,2.62E+05,BDL,BDL,BDL,BDL,BDL,5.42,BDL,BDL,BDL,BDL,BDL
7003CNFL,7003,Floor (n=59),Rural,BDL,BDL,BDL,BDL,BDL,BDL,BDL,BDL,BDL,BDL,BDL,BDL
7004CNFL,7004,Floor (n=59),Rural,6.14E+02,BDL,BDL,BDL,BDL,BDL,2.79,BDL,BDL,BDL,BDL,BDL
9001CNFL,9001,Floor (n=59),Rural,4.17E+02,BDL,BDL,BDL,BDL,BDL,2.62,BDL,BDL,BDL,BDL,BDL
9002CNFL,9002,Floor (n=59),Rural,DNQ,BDL,BDL,BDL,BDL,BDL,DNQ,BDL,BDL,BDL,BDL,BDL
9003CWFL,9003,Floor (n=59),Rural,BDL,BDL,BDL,BDL,BDL,BDL,BDL,BDL,BDL,BDL,BDL,BDL
9005CWFL,9005,Floor (n=59),Rural,1.75E+03,BDL,BDL,BDL,BDL,BDL,3.24,BDL,BDL,BDL,BDL,BDL
9006CWFL,9006,Floor (n=59),Rural,1.32E+03,BDL,BDL,BDL,BDL,BDL,3.12,BDL,BDL,BDL,BDL,BDL
1001CWFD,1001,Food-(n=57),Urban,BDL,BDL,BDL,BDL,BDL,BDL,BDL,BDL,BDL,BDL,BDL,BDL
1002CWFD,1002,Food-(n=57),Urban,BDL,BDL,BDL,BDL,BDL,BDL,BDL,BDL,BDL,BDL,BDL,BDL
1006CWFD,1006,Food-(n=57),Urban,BDL,BDL,BDL,BDL,BDL,BDL,BDL,BDL,BDL,BDL,BDL,BDL
1007CWFD,1007,Food-(n=57),Urban,BDL,BDL,BDL,BDL,BDL,BDL,BDL,BDL,BDL,BDL,BDL,BDL
1010CWFD,1010,Food-(n=57),Urban,BDL,BDL,BDL,BDL,BDL,BDL,BDL,BDL,BDL,BDL,BDL,BDL
1011CWFD,1011,Food-(n=57),Urban,BDL,BDL,BDL,BDL,BDL,BDL,BDL,BDL,BDL,BDL,BDL,BDL
1012CWFD,1012,Food-(n=57),Urban,BDL,BDL,BDL,BDL,BDL,BDL,BDL,BDL,BDL,BDL,BDL,BDL
1013CWFD,1013,Food-(n=57),Urban,BDL,BDL,BDL,BDL,BDL,BDL,BDL,BDL,BDL,BDL,BDL,BDL
1015CWFD,1015,Food-(n=57),Urban,BDL,BDL,BDL,BDL,BDL,BDL,BDL,BDL,BDL,BDL,BDL,BDL
1017CWFD,1017,Food-(n=57),Urban,BDL,BDL,BDL,BDL,BDL,BDL,BDL,BDL,BDL,BDL,BDL,BDL
1019CWFD,1019,Food-(n=57),Urban,BDL,BDL,BDL,BDL,BDL,BDL,BDL,BDL,BDL,BDL,BDL,BDL
1020CNFD,1020,Food-(n=57),Urban,BDL,BDL,BDL,BDL,BDL,BDL,BDL,BDL,BDL,BDL,BDL,BDL
1021CNFD,1021,Food-(n=57),Urban,BDL,BDL,BDL,BDL,BDL,BDL,BDL,BDL,BDL,BDL,BDL,BDL
1022CNFD,1022,Food-(n=57),Urban,BDL,BDL,BDL,BDL,BDL,BDL,BDL,BDL,BDL,BDL,BDL,BDL
1023CNFD,1023,Food-(n=57),Urban,BDL,BDL,BDL,BDL,BDL,BDL,BDL,BDL,BDL,BDL,BDL,BDL
2001CWFD,2001,Food-(n=57),Semi-rural,BDL,BDL,BDL,BDL,BDL,BDL,BDL,BDL,BDL,BDL,BDL,BDL
2004CWFD,2004,Food-(n=57),Semi-rural,1.02E+05,BDL,BDL,BDL,BDL,BDL,5.01,BDL,BDL,BDL,BDL,BDL
2007CWFD,2007,Food-(n=57),Semi-rural,BDL,BDL,BDL,BDL,BDL,BDL,BDL,BDL,BDL,BDL,BDL,BDL
2008CWFD,2008,Food-(n=57),Semi-rural,1.60E+05,BDL,BDL,BDL,BDL,BDL,5.21,BDL,BDL,BDL,BDL,BDL
2012CWFD,2012,Food-(n=57),Semi-rural,BDL,BDL,BDL,BDL,BDL,BDL,BDL,BDL,BDL,BDL,BDL,BDL
2013CWFD,2013,Food-(n=57),Semi-rural,BDL,BDL,BDL,BDL,BDL,BDL,BDL,BDL,BDL,BDL,BDL,BDL
2015CWFD,2015,Food-(n=57),Semi-rural,6.28E+06,BDL,BDL,BDL,BDL,BDL,6.8,BDL,BDL,BDL,BDL,BDL
2016CWFD,2016,Food-(n=57),Semi-rural,DNQ,BDL,BDL,BDL,BDL,BDL,DNQ,BDL,BDL,BDL,BDL,BDL
2018CWFD,2018,Food-(n=57),Semi-rural,5.54E+05,BDL,BDL,BDL,BDL,BDL,5.74,BDL,BDL,BDL,BDL,BDL
2021CNFD,2021,Food-(n=57),Semi-rural,BDL,BDL,BDL,BDL,BDL,BDL,BDL,BDL,BDL,BDL,BDL,BDL
2022CNFD,2022,Food-(n=57),Semi-rural,4.94E+05,BDL,BDL,BDL,BDL,BDL,5.69,BDL,BDL,BDL,BDL,BDL
2023CNFD,2023,Food-(n=57),Semi-rural,BDL,BDL,BDL,BDL,BDL,BDL,BDL,BDL,BDL,BDL,BDL,BDL
2025CNFD,2025,Food-(n=57),Semi-rural,BDL,BDL,BDL,BDL,BDL,BDL,BDL,BDL,BDL,BDL,BDL,BDL
2026CWFD,2026,Food-(n=57),Semi-rural,BDL,BDL,BDL,BDL,BDL,BDL,BDL,BDL,BDL,BDL,BDL,BDL
2027CNFD,2027,Food-(n=57),Semi-rural,BDL,BDL,BDL,BDL,BDL,BDL,BDL,BDL,BDL,BDL,BDL,BDL
2029CNFD,2029,Food-(n=57),Semi-rural,BDL,BDL,BDL,BDL,BDL,BDL,BDL,BDL,BDL,BDL,BDL,BDL
2030CNFD,2030,Food-(n=57),Semi-rural,1.47E+06,BDL,BDL,BDL,BDL,BDL,6.17,BDL,BDL,BDL,BDL,BDL
2031CNFD,2031,Food-(n=57),Semi-rural,BDL,BDL,BDL,BDL,BDL,BDL,BDL,BDL,BDL,BDL,BDL,BDL
2033CNFD,2033,Food-(n=57),Semi-rural,BDL,BDL,BDL,BDL,BDL,BDL,BDL,BDL,BDL,BDL,BDL,BDL
2034CNFD,2034,Food-(n=57),Semi-rural,DNQ,BDL,BDL,BDL,BDL,BDL,DNQ,BDL,BDL,BDL,BDL,BDL
2035CNFD,2035,Food-(n=57),Semi-rural,2.05E+06,BDL,BDL,BDL,BDL,BDL,6.31,BDL,BDL,BDL,BDL,BDL
3001CWFD,3001,Food-(n=57),Rural,9.50E+05,BDL,BDL,BDL,BDL,BDL,5.98,BDL,BDL,BDL,BDL,BDL
3003CWFD,3003,Food-(n=57),Rural,BDL,BDL,BDL,BDL,BDL,BDL,BDL,BDL,BDL,BDL,BDL,BDL
3005CWFD,3005,Food-(n=57),Rural,BDL,BDL,BDL,BDL,BDL,BDL,BDL,BDL,BDL,BDL,BDL,BDL
3007CWFD,3007,Food-(n=57),Rural,BDL,BDL,BDL,BDL,BDL,BDL,BDL,BDL,BDL,BDL,BDL,BDL
3008CNFD,3008,Food-(n=57),Rural,BDL,BDL,BDL,BDL,BDL,BDL,BDL,BDL,BDL,BDL,BDL,BDL
3009CNFD,3009,Food-(n=57),Rural,BDL,BDL,BDL,BDL,BDL,BDL,BDL,BDL,BDL,BDL,BDL,BDL
3010CNFD,3010,Food-(n=57),Rural,BDL,BDL,BDL,BDL,BDL,BDL,BDL,BDL,BDL,BDL,BDL,BDL
4002CWFD,4002,Food-(n=57),Rural,BDL,BDL,BDL,BDL,BDL,BDL,BDL,BDL,BDL,BDL,BDL,BDL
4004CNFD,4004,Food-(n=57),Rural,DNQ,BDL,BDL,BDL,BDL,BDL,DNQ,BDL,BDL,BDL,BDL,BDL
4005CNFD,4005,Food-(n=57),Rural,BDL,BDL,BDL,BDL,BDL,BDL,BDL,BDL,BDL,BDL,BDL,BDL
4006CNFD,4006,Food-(n=57),Rural,BDL,BDL,BDL,BDL,BDL,BDL,BDL,BDL,BDL,BDL,BDL,BDL
5001CWFD,5001,Food-(n=57),Rural,BDL,BDL,BDL,BDL,BDL,BDL,BDL,BDL,BDL,BDL,BDL,BDL
5002CWFD,5002,Food-(n=57),Rural,BDL,BDL,BDL,BDL,BDL,BDL,BDL,BDL,BDL,BDL,BDL,BDL
7002CWFD,7002,Food-(n=57),Rural,1.37E+05,BDL,BDL,BDL,BDL,BDL,5.14,BDL,BDL,BDL,BDL,BDL
7003CNFD,7003,Food-(n=57),Rural,BDL,BDL,BDL,BDL,BDL,BDL,BDL,BDL,BDL,BDL,BDL,BDL
7004CNFD,7004,Food-(n=57),Rural,BDL,BDL,BDL,BDL,BDL,BDL,BDL,BDL,BDL,BDL,BDL,BDL
9001CNFD,9001,Food-(n=57),Rural,BDL,BDL,BDL,BDL,BDL,BDL,BDL,BDL,BDL,BDL,BDL,BDL
9002CNFD,9002,Food-(n=57),Rural,BDL,BDL,BDL,BDL,BDL,BDL,BDL,BDL,BDL,BDL,BDL,BDL
9003CWFD,9003,Food-(n=57),Rural,BDL,BDL,BDL,BDL,BDL,BDL,BDL,BDL,BDL,BDL,BDL,BDL
9005CWFD,9005,Food-(n=57),Rural,BDL,BDL,BDL,BDL,BDL,BDL,BDL,BDL,BDL,BDL,BDL,BDL
9006CWFD,9006,Food-(n=57),Rural,BDL,BDL,BDL,BDL,BDL,BDL,BDL,BDL,BDL,BDL,BDL,BDL
1001CWFP,1001,Food-prep surface (n=58),Urban,2.48E+03,BDL,BDL,BDL,BDL,BDL,3.39,BDL,BDL,BDL,BDL,BDL
1002CWFP,1002,Food-prep surface (n=58),Urban,1.95E+04,DNQ,BDL,BDL,BDL,BDL,4.29,DNQ,BDL,BDL,BDL,BDL
1006CWFP,1006,Food-prep surface (n=58),Urban,2.84E+03,BDL,BDL,BDL,BDL,BDL,3.45,BDL,BDL,BDL,BDL,BDL
1007CWFP,1007,Food-prep surface (n=58),Urban,6.60E+03,BDL,BDL,BDL,BDL,BDL,3.82,BDL,BDL,BDL,BDL,BDL
1010CWFP,1010,Food-prep surface (n=58),Urban,5.05E+02,BDL,BDL,BDL,BDL,BDL,2.7,BDL,BDL,BDL,BDL,BDL
1011CWFP,1011,Food-prep surface (n=58),Urban,1.36E+05,BDL,BDL,BDL,BDL,BDL,5.13,BDL,BDL,BDL,BDL,BDL
1012CWFP,1012,Food-prep surface (n=58),Urban,6.00E+03,BDL,BDL,BDL,BDL,BDL,3.78,BDL,BDL,BDL,BDL,BDL
1013CWFP,1013,Food-prep surface (n=58),Urban,1.32E+03,BDL,BDL,BDL,BDL,BDL,3.12,BDL,BDL,BDL,BDL,BDL
1015CWFP,1015,Food-prep surface (n=58),Urban,BDL,BDL,BDL,BDL,BDL,BDL,BDL,BDL,BDL,BDL,BDL,BDL
1017CWFP,1017,Food-prep surface (n=58),Urban,2.95E+04,DNQ,BDL,BDL,BDL,BDL,4.47,BDL,BDL,BDL,BDL,BDL
1019CWFP,1019,Food-prep surface (n=58),Urban,6.62E+03,BDL,BDL,BDL,BDL,BDL,3.82,BDL,BDL,BDL,BDL,BDL
1020CNFP,1020,Food-prep surface (n=58),Urban,7.48E+05,BDL,BDL,BDL,BDL,BDL,5.87,BDL,BDL,BDL,BDL,BDL
1021CNFP,1021,Food-prep surface (n=58),Urban,5.62E+02,BDL,BDL,BDL,BDL,BDL,2.75,BDL,BDL,BDL,BDL,BDL
1022CNFP,1022,Food-prep surface (n=58),Urban,4.80E+03,BDL,BDL,BDL,BDL,BDL,3.68,BDL,BDL,BDL,BDL,BDL
1023CNFP,1023,Food-prep surface (n=58),Urban,1.51E+04,BDL,BDL,BDL,BDL,BDL,4.18,BDL,BDL,BDL,BDL,BDL
2001CWFP,2001,Food-prep surface (n=58),Semi-rural,3.58E+04,BDL,BDL,BDL,BDL,BDL,4.55,BDL,BDL,BDL,BDL,BDL
2004CWFP,2004,Food-prep surface (n=58),Semi-rural,3.68E+03,BDL,BDL,BDL,BDL,BDL,3.57,BDL,BDL,BDL,BDL,BDL
2007CWFP,2007,Food-prep surface (n=58),Semi-rural,6.76E+03,BDL,BDL,BDL,BDL,BDL,3.83,BDL,BDL,BDL,BDL,BDL
2008CWFP,2008,Food-prep surface (n=58),Semi-rural,2.96E+07,BDL,BDL,BDL,BDL,BDL,7.47,BDL,BDL,BDL,BDL,BDL
2012CWFP,2012,Food-prep surface (n=58),Semi-rural,2.44E+05,5.44E+02,BDL,BDL,BDL,BDL,5.39,2.74,BDL,BDL,BDL,BDL
2013CWFP,2013,Food-prep surface (n=58),Semi-rural,BDL,BDL,BDL,BDL,BDL,BDL,BDL,BDL,BDL,BDL,BDL,BDL
2015CWFP,2015,Food-prep surface (n=58),Semi-rural,3.80E+03,BDL,BDL,BDL,BDL,BDL,3.58,BDL,BDL,BDL,BDL,BDL
2016CWFP,2016,Food-prep surface (n=58),Semi-rural,5.33E+04,BDL,BDL,BDL,BDL,BDL,4.73,BDL,BDL,BDL,BDL,BDL
2018CWFP,2018,Food-prep surface (n=58),Semi-rural,1.73E+05,BDL,BDL,BDL,BDL,BDL,5.24,BDL,BDL,BDL,BDL,BDL
2021CNFP,2021,Food-prep surface (n=58),Semi-rural,3.26E+03,BDL,BDL,BDL,BDL,BDL,3.51,BDL,BDL,BDL,BDL,BDL
2022CNFP,2022,Food-prep surface (n=58),Semi-rural,1.18E+05,BDL,BDL,BDL,BDL,BDL,5.07,BDL,BDL,BDL,BDL,BDL
2023CNFP,2023,Food-prep surface (n=58),Semi-rural,1.25E+05,BDL,BDL,BDL,BDL,BDL,5.1,BDL,BDL,BDL,BDL,BDL
2025CNFP,2025,Food-prep surface (n=58),Semi-rural,1.97E+05,BDL,BDL,BDL,BDL,BDL,5.3,BDL,BDL,BDL,BDL,BDL
2026CWFP,2026,Food-prep surface (n=58),Semi-rural,2.92E+03,BDL,BDL,BDL,BDL,BDL,3.47,BDL,BDL,BDL,BDL,BDL
2027CNFP,2027,Food-prep surface (n=58),Semi-rural,8.91E+02,BDL,BDL,BDL,BDL,BDL,2.95,BDL,BDL,BDL,BDL,BDL
2028CNFP,2028,Food-prep surface (n=58),Semi-rural,8.40E+04,BDL,BDL,BDL,BDL,BDL,4.92,BDL,BDL,BDL,BDL,BDL
2029CNFP,2029,Food-prep surface (n=58),Semi-rural,2.11E+05,BDL,BDL,1.97E+02,BDL,1.99E+02,5.32,BDL,BDL,2.3,BDL,2.3
2030CNFP,2030,Food-prep surface (n=58),Semi-rural,1.22E+04,BDL,BDL,BDL,BDL,BDL,4.09,BDL,BDL,BDL,BDL,BDL
2031CNFP,2031,Food-prep surface (n=58),Semi-rural,4.25E+05,2.46E+02,BDL,BDL,BDL,BDL,5.63,2.39,BDL,BDL,BDL,BDL
2032CNFP,2032,Food-prep surface (n=58),Semi-rural,1.39E+04,BDL,BDL,BDL,BDL,BDL,4.14,BDL,BDL,BDL,BDL,BDL
2033CNFP,2033,Food-prep surface (n=58),Semi-rural,1.78E+05,BDL,BDL,BDL,BDL,BDL,5.25,BDL,BDL,BDL,BDL,BDL
2034CNFP,2034,Food-prep surface (n=58),Semi-rural,2.78E+04,2.38E+03,BDL,BDL,BDL,BDL,4.44,3.38,BDL,BDL,BDL,BDL
2035CNFP,2035,Food-prep surface (n=58),Semi-rural,4.33E+06,BDL,BDL,BDL,BDL,BDL,6.64,BDL,BDL,BDL,BDL,BDL
3003CWFP,3003,Food-prep surface (n=58),Rural,1.49E+04,BDL,BDL,BDL,BDL,BDL,4.17,BDL,BDL,BDL,BDL,BDL
3005CWFP,3005,Food-prep surface (n=58),Rural,1.46E+05,BDL,BDL,BDL,BDL,BDL,5.16,BDL,BDL,BDL,BDL,BDL
3007CWFP,3007,Food-prep surface (n=58),Rural,2.79E+04,BDL,BDL,BDL,BDL,BDL,4.45,BDL,BDL,BDL,BDL,BDL
3008CNFP,3008,Food-prep surface (n=58),Rural,3.01E+03,BDL,BDL,BDL,BDL,BDL,3.48,BDL,BDL,BDL,BDL,BDL
3009CNFP,3009,Food-prep surface (n=58),Rural,5.86E+04,BDL,BDL,4.76E+02,BDL,BDL,4.77,BDL,BDL,2.68,BDL,BDL
3010CNFP,3010,Food-prep surface (n=58),Rural,4.38E+03,BDL,BDL,BDL,BDL,BDL,3.64,BDL,BDL,BDL,BDL,BDL
4002CWFP,4002,Food-prep surface (n=58),Rural,1.18E+04,BDL,BDL,BDL,BDL,BDL,4.07,BDL,BDL,BDL,BDL,BDL
4004CNFP,4004,Food-prep surface (n=58),Rural,3.45E+03,BDL,BDL,BDL,BDL,BDL,3.54,BDL,BDL,BDL,BDL,BDL
4005CNFP,4005,Food-prep surface (n=58),Rural,6.92E+03,BDL,BDL,BDL,BDL,BDL,3.84,BDL,BDL,BDL,BDL,BDL
4006CNFP,4006,Food-prep surface (n=58),Rural,8.16E+05,6.79E+02,BDL,BDL,BDL,BDL,5.91,2.83,BDL,BDL,BDL,BDL
5001CWFP,5001,Food-prep surface (n=58),Rural,4.40E+03,BDL,BDL,BDL,BDL,BDL,3.64,BDL,BDL,BDL,BDL,BDL
5002CWFP,5002,Food-prep surface (n=58),Rural,1.14E+04,BDL,BDL,BDL,BDL,BDL,4.06,BDL,BDL,BDL,BDL,BDL
7002CWFP,7002,Food-prep surface (n=58),Rural,5.13E+03,BDL,BDL,BDL,BDL,BDL,3.71,BDL,BDL,BDL,BDL,BDL
7003CNFP,7003,Food-prep surface (n=58),Rural,7.78E+03,BDL,BDL,BDL,BDL,BDL,3.89,BDL,BDL,BDL,BDL,BDL
7004CNFP,7004,Food-prep surface (n=58),Rural,1.47E+03,BDL,BDL,BDL,BDL,BDL,3.17,BDL,BDL,BDL,BDL,BDL
9001CNFP,9001,Food-prep surface (n=58),Rural,1.33E+03,BDL,BDL,BDL,BDL,BDL,3.12,BDL,BDL,BDL,BDL,BDL
9002CNFP,9002,Food-prep surface (n=58),Rural,3.20E+03,BDL,BDL,BDL,BDL,BDL,3.51,BDL,BDL,BDL,BDL,BDL
9003CWFP,9003,Food-prep surface (n=58),Rural,4.48E+03,BDL,BDL,BDL,BDL,BDL,3.65,BDL,BDL,BDL,BDL,BDL
9005CWFP,9005,Food-prep surface (n=58),Rural,1.64E+04,BDL,BDL,BDL,BDL,BDL,4.22,BDL,BDL,BDL,BDL,BDL
9006CWFP,9006,Food-prep surface (n=58),Rural,4.59E+03,BDL,BDL,BDL,BDL,BDL,3.66,BDL,BDL,BDL,BDL,BDL
2022CNKY,2022,House keys (n=19),Semi-rural,DNQ,BDL,BDL,BDL,BDL,BDL,DNQ,BDL,BDL,BDL,BDL,BDL
2023CNKY,2023,House keys (n=19),Semi-rural,BDL,BDL,BDL,BDL,BDL,BDL,BDL,BDL,BDL,BDL,BDL,BDL
2025CNKY,2025,House keys (n=19),Semi-rural,1.08E+03,BDL,BDL,BDL,BDL,BDL,3.03,BDL,BDL,BDL,BDL,BDL
2031CNKY,2031,House keys (n=19),Semi-rural,1.24E+04,BDL,BDL,BDL,BDL,BDL,4.09,BDL,BDL,BDL,BDL,BDL
2032CNKY,2032,House keys (n=19),Semi-rural,7.23E+02,BDL,BDL,BDL,BDL,BDL,2.86,BDL,BDL,BDL,BDL,BDL
2033CNKY,2033,House keys (n=19),Semi-rural,BDL,BDL,BDL,BDL,BDL,BDL,BDL,BDL,BDL,BDL,BDL,BDL
2034CNKY,2034,House keys (n=19),Semi-rural,2.28E+04,BDL,BDL,BDL,BDL,BDL,4.36,BDL,BDL,BDL,BDL,BDL
3008CNKY,3008,House keys (n=19),Rural,2.89E+03,BDL,BDL,BDL,BDL,BDL,3.46,BDL,BDL,BDL,BDL,BDL
3009CNKY,3009,House keys (n=19),Rural,5.26E+04,BDL,BDL,2.79E+03,BDL,BDL,4.72,BDL,BDL,3.45,BDL,BDL
3010CNKY,3010,House keys (n=19),Rural,2.16E+03,BDL,BDL,BDL,BDL,BDL,3.33,BDL,BDL,BDL,BDL,BDL
4004CNKY,4004,House keys (n=19),Rural,DNQ,BDL,BDL,BDL,BDL,BDL,DNQ,BDL,BDL,BDL,BDL,BDL
4005CNKY,4005,House keys (n=19),Rural,9.13E+02,BDL,BDL,BDL,BDL,BDL,2.96,BDL,BDL,BDL,BDL,BDL
4006CNKY,4006,House keys (n=19),Rural,BDL,BDL,BDL,BDL,BDL,BDL,BDL,BDL,BDL,BDL,BDL,BDL
5001CWKY,5001,House keys (n=19),Rural,5.39E+02,BDL,BDL,BDL,BDL,BDL,2.73,BDL,BDL,BDL,BDL,BDL
7002CWKY,7002,House keys (n=19),Rural,BDL,BDL,BDL,BDL,BDL,BDL,BDL,BDL,BDL,BDL,BDL,BDL
7003CNKY,7003,House keys (n=19),Rural,1.49E+03,BDL,BDL,BDL,BDL,BDL,3.17,BDL,BDL,BDL,BDL,BDL
7004CNKY,7004,House keys (n=19),Rural,BDL,BDL,BDL,BDL,BDL,BDL,BDL,BDL,BDL,BDL,BDL,BDL
9001CNKY,9001,House keys (n=19),Rural,BDL,BDL,BDL,BDL,BDL,BDL,BDL,BDL,BDL,BDL,BDL,BDL
9002CNKY,9002,House keys (n=19),Rural,BDL,BDL,BDL,BDL,BDL,BDL,BDL,BDL,BDL,BDL,BDL,BDL
1001CWSL,1001,Soil (n=54),Urban,BDL,BDL,BDL,BDL,BDL,BDL,BDL,BDL,BDL,BDL,BDL,BDL
1002CWSL,1002,Soil (n=54),Urban,BDL,BDL,BDL,BDL,BDL,BDL,BDL,BDL,BDL,BDL,BDL,BDL
1006CWSL,1006,Soil (n=54),Urban,BDL,BDL,BDL,BDL,BDL,BDL,BDL,BDL,BDL,BDL,BDL,BDL
1007CWSL,1007,Soil (n=54),Urban,1.25E+04,BDL,BDL,BDL,BDL,BDL,4.1,BDL,BDL,BDL,BDL,BDL
1010CWSL,1010,Soil (n=54),Urban,2.95E+04,BDL,BDL,BDL,BDL,BDL,4.47,BDL,BDL,BDL,BDL,BDL
1011CWSL,1011,Soil (n=54),Urban,BDL,BDL,BDL,BDL,BDL,BDL,BDL,BDL,BDL,BDL,BDL,BDL
1013CWSL,1013,Soil (n=54),Urban,BDL,BDL,BDL,BDL,BDL,BDL,BDL,BDL,BDL,BDL,BDL,BDL
1015CWSL,1015,Soil (n=54),Urban,4.99E+04,BDL,BDL,BDL,BDL,BDL,4.7,BDL,BDL,BDL,BDL,BDL
1020CNSL,1020,Soil (n=54),Urban,4.72E+04,BDL,BDL,BDL,BDL,BDL,4.67,BDL,BDL,BDL,BDL,BDL
1021CNSL,1021,Soil (n=54),Urban,5.80E+03,BDL,BDL,BDL,BDL,BDL,3.76,BDL,BDL,BDL,BDL,BDL
1022CNSL,1022,Soil (n=54),Urban,1.76E+04,BDL,BDL,BDL,BDL,BDL,4.25,BDL,BDL,BDL,BDL,BDL
1023CNSL,1023,Soil (n=54),Urban,9.23E+06,BDL,BDL,BDL,3.51E+04,BDL,6.97,BDL,BDL,BDL,4.55,BDL
2001CWSL,2001,Soil (n=54),Semi-rural,BDL,BDL,BDL,BDL,BDL,BDL,BDL,BDL,BDL,BDL,BDL,BDL
2004CWSL,2004,Soil (n=54),Semi-rural,BDL,BDL,BDL,BDL,BDL,BDL,BDL,BDL,BDL,BDL,BDL,BDL
2012CWSL,2012,Soil (n=54),Semi-rural,BDL,BDL,BDL,BDL,BDL,BDL,BDL,BDL,BDL,BDL,BDL,BDL
2013CWSL,2013,Soil (n=54),Semi-rural,3.22E+04,BDL,BDL,BDL,BDL,BDL,4.51,BDL,BDL,BDL,BDL,BDL
2015CWSL,2015,Soil (n=54),Semi-rural,BDL,BDL,BDL,BDL,BDL,BDL,BDL,BDL,BDL,BDL,BDL,BDL
2016CWSL,2016,Soil (n=54),Semi-rural,BDL,BDL,BDL,BDL,BDL,BDL,BDL,BDL,BDL,BDL,BDL,BDL
2018CWSL,2018,Soil (n=54),Semi-rural,9.44E+04,BDL,BDL,BDL,BDL,BDL,4.98,BDL,BDL,BDL,BDL,BDL
2021CNSL,2021,Soil (n=54),Semi-rural,BDL,BDL,BDL,BDL,BDL,BDL,BDL,BDL,BDL,BDL,BDL,BDL
2022CNSL,2022,Soil (n=54),Semi-rural,3.13E+04,BDL,BDL,BDL,BDL,BDL,4.5,BDL,BDL,BDL,BDL,BDL
2023CNSL,2023,Soil (n=54),Semi-rural,BDL,BDL,BDL,BDL,BDL,BDL,BDL,BDL,BDL,BDL,BDL,BDL
2025CNSL,2025,Soil (n=54),Semi-rural,BDL,BDL,BDL,BDL,BDL,BDL,BDL,BDL,BDL,BDL,BDL,BDL
2026CWSL,2026,Soil (n=54),Semi-rural,BDL,BDL,BDL,BDL,BDL,BDL,BDL,BDL,BDL,BDL,BDL,BDL
2027CNSL,2027,Soil (n=54),Semi-rural,BDL,BDL,BDL,BDL,BDL,BDL,BDL,BDL,BDL,BDL,BDL,BDL
2028CNSL,2028,Soil (n=54),Semi-rural,BDL,BDL,BDL,BDL,BDL,BDL,BDL,BDL,BDL,BDL,BDL,BDL
2029CNSL,2029,Soil (n=54),Semi-rural,BDL,BDL,BDL,BDL,BDL,BDL,BDL,BDL,BDL,BDL,BDL,BDL
2030CNSL,2030,Soil (n=54),Semi-rural,BDL,BDL,BDL,BDL,BDL,BDL,BDL,BDL,BDL,BDL,BDL,BDL
2031CNSL,2031,Soil (n=54),Semi-rural,3.92E+04,BDL,BDL,BDL,BDL,BDL,4.59,BDL,BDL,BDL,BDL,BDL
2032CNSL,2032,Soil (n=54),Semi-rural,BDL,BDL,BDL,BDL,BDL,BDL,BDL,BDL,BDL,BDL,BDL,BDL
2033CNSL,2033,Soil (n=54),Semi-rural,1.55E+04,BDL,BDL,BDL,BDL,BDL,4.19,BDL,BDL,BDL,BDL,BDL
2034CNSL,2034,Soil (n=54),Semi-rural,BDL,BDL,BDL,BDL,BDL,BDL,BDL,BDL,BDL,BDL,BDL,BDL
2035CNSL,2035,Soil (n=54),Semi-rural,BDL,BDL,BDL,BDL,BDL,BDL,BDL,BDL,BDL,BDL,BDL,BDL
3001CWSL,3001,Soil (n=54),Rural,BDL,BDL,BDL,BDL,BDL,BDL,BDL,BDL,BDL,BDL,BDL,BDL
3003CWSL,3003,Soil (n=54),Rural,BDL,BDL,BDL,BDL,BDL,BDL,BDL,BDL,BDL,BDL,BDL,BDL
3005CWSL,3005,Soil (n=54),Rural,BDL,BDL,BDL,BDL,BDL,BDL,BDL,BDL,BDL,BDL,BDL,BDL
3007CWSL,3007,Soil (n=54),Rural,BDL,BDL,BDL,BDL,BDL,BDL,BDL,BDL,BDL,BDL,BDL,BDL
3008CNSL,3008,Soil (n=54),Rural,BDL,BDL,BDL,BDL,BDL,BDL,BDL,BDL,BDL,BDL,BDL,BDL
3009CNSL,3009,Soil (n=54),Rural,BDL,BDL,BDL,BDL,BDL,BDL,BDL,BDL,BDL,BDL,BDL,BDL
3010CNSL,3010,Soil (n=54),Rural,BDL,BDL,BDL,BDL,BDL,BDL,BDL,BDL,BDL,BDL,BDL,BDL
4002CWSL,4002,Soil (n=54),Rural,BDL,BDL,BDL,BDL,BDL,BDL,BDL,BDL,BDL,BDL,BDL,BDL
4004CNSL,4004,Soil (n=54),Rural,BDL,BDL,BDL,BDL,BDL,BDL,BDL,BDL,BDL,BDL,BDL,BDL
4005CNSL,4005,Soil (n=54),Rural,BDL,BDL,BDL,BDL,BDL,BDL,BDL,BDL,BDL,BDL,BDL,BDL
4006CNSL,4006,Soil (n=54),Rural,BDL,BDL,BDL,BDL,BDL,BDL,BDL,BDL,BDL,BDL,BDL,BDL
5001CWSL,5001,Soil (n=54),Rural,BDL,BDL,BDL,BDL,BDL,BDL,BDL,BDL,BDL,BDL,BDL,BDL
5002CWSL,5002,Soil (n=54),Rural,BDL,BDL,BDL,BDL,BDL,BDL,BDL,BDL,BDL,BDL,BDL,BDL
7002CWSL,7002,Soil (n=54),Rural,BDL,BDL,BDL,BDL,BDL,BDL,BDL,BDL,BDL,BDL,BDL,BDL
7003CNSL,7003,Soil (n=54),Rural,BDL,BDL,BDL,BDL,BDL,BDL,BDL,BDL,BDL,BDL,BDL,BDL
7004CNSL,7004,Soil (n=54),Rural,7.71E+03,BDL,BDL,BDL,BDL,BDL,3.89,BDL,BDL,BDL,BDL,BDL
9001CNSL,9001,Soil (n=54),Rural,1.65E+05,BDL,BDL,BDL,BDL,BDL,5.22,BDL,BDL,BDL,BDL,BDL
9002CNSL,9002,Soil (n=54),Rural,BDL,BDL,BDL,BDL,BDL,BDL,BDL,BDL,BDL,BDL,BDL,BDL
9003CWSL,9003,Soil (n=54),Rural,BDL,BDL,BDL,BDL,BDL,BDL,BDL,BDL,BDL,BDL,BDL,BDL
9005CWSL,9005,Soil (n=54),Rural,BDL,BDL,BDL,BDL,BDL,BDL,BDL,BDL,BDL,BDL,BDL,BDL
9006CWSL,9006,Soil (n=54),Rural,BDL,BDL,BDL,BDL,BDL,BDL,BDL,BDL,BDL,BDL,BDL,BDL
1001CWTY,1001,Toy (n=31),Urban,1.93E+05,BDL,BDL,BDL,BDL,BDL,5.29,BDL,BDL,BDL,BDL,BDL
1002CWTY,1002,Toy (n=31),Urban,1.12E+04,BDL,BDL,BDL,BDL,BDL,4.05,BDL,BDL,BDL,BDL,BDL
1006CWTY,1006,Toy (n=31),Urban,1.76E+04,BDL,BDL,BDL,BDL,BDL,4.25,BDL,BDL,BDL,BDL,BDL
1007CWTY,1007,Toy (n=31),Urban,7.65E+05,BDL,BDL,BDL,BDL,BDL,5.88,BDL,BDL,BDL,BDL,BDL
1010CWTY,1010,Toy (n=31),Urban,7.12E+05,BDL,BDL,BDL,BDL,BDL,5.85,BDL,BDL,BDL,BDL,BDL
1011CWTY,1011,Toy (n=31),Urban,7.88E+05,BDL,BDL,BDL,BDL,BDL,5.9,BDL,BDL,BDL,BDL,BDL
1012CWTY,1012,Toy (n=31),Urban,9.23E+04,6.55E+02,BDL,BDL,BDL,BDL,4.97,2.82,BDL,BDL,BDL,BDL
1013CWTY,1013,Toy (n=31),Urban,5.50E+04,DNQ,BDL,BDL,BDL,BDL,4.74,DNQ,BDL,BDL,BDL,BDL
1015CWTY,1015,Toy (n=31),Urban,1.94E+04,BDL,BDL,BDL,BDL,BDL,4.29,BDL,BDL,BDL,BDL,BDL
1017CWTY,1017,Toy (n=31),Urban,5.79E+04,3.80E+02,BDL,BDL,BDL,BDL,4.76,2.58,BDL,BDL,BDL,BDL
1019CWTY,1019,Toy (n=31),Urban,1.68E+04,BDL,BDL,BDL,BDL,BDL,4.22,BDL,BDL,BDL,BDL,BDL
2001CWTY,2001,Toy (n=31),Semi-rural,2.78E+04,1.68E+02,BDL,BDL,BDL,BDL,4.44,2.22,BDL,BDL,BDL,BDL
2004CWTY,2004,Toy (n=31),Semi-rural,1.27E+06,1.32E+02,1.05E+02,BDL,BDL,BDL,6.1,2.12,2.02,BDL,BDL,BDL
2007CWTY,2007,Toy (n=31),Semi-rural,3.24E+04,BDL,BDL,BDL,BDL,BDL,4.51,BDL,BDL,BDL,BDL,BDL
2008CWTY,2008,Toy (n=31),Semi-rural,1.23E+05,1.49E+02,BDL,BDL,BDL,BDL,5.09,2.17,BDL,BDL,BDL,BDL
2012CWTY,2012,Toy (n=31),Semi-rural,3.27E+04,BDL,BDL,BDL,BDL,BDL,4.51,BDL,BDL,BDL,BDL,BDL
2013CWTY,2013,Toy (n=31),Semi-rural,1.89E+04,BDL,BDL,BDL,BDL,BDL,4.28,BDL,BDL,BDL,BDL,BDL
2015CWTY,2015,Toy (n=31),Semi-rural,8.80E+03,BDL,BDL,BDL,BDL,BDL,3.95,BDL,BDL,BDL,BDL,BDL
2016CWTY,2016,Toy (n=31),Semi-rural,BDL,BDL,BDL,BDL,BDL,BDL,BDL,BDL,BDL,BDL,BDL,BDL
2018CWTY,2018,Toy (n=31),Semi-rural,3.90E+05,1.44E+02,BDL,BDL,BDL,BDL,5.59,2.16,BDL,BDL,BDL,BDL
2026CWTY,2026,Toy (n=31),Semi-rural,4.32E+02,BDL,BDL,BDL,BDL,BDL,2.64,BDL,BDL,BDL,BDL,BDL
3001CWTY,3001,Toy (n=31),Rural,6.11E+04,BDL,BDL,BDL,BDL,BDL,4.79,BDL,BDL,BDL,BDL,BDL
3003CWTY,3003,Toy (n=31),Rural,9.78E+03,BDL,BDL,BDL,BDL,BDL,3.99,BDL,BDL,BDL,BDL,BDL
3005CWTY,3005,Toy (n=31),Rural,2.02E+04,BDL,BDL,BDL,BDL,BDL,4.31,BDL,BDL,BDL,BDL,BDL
3007CWTY,3007,Toy (n=31),Rural,6.98E+02,BDL,BDL,BDL,BDL,BDL,2.84,BDL,BDL,BDL,BDL,BDL
4002CWTY,4002,Toy (n=31),Rural,6.29E+05,BDL,BDL,BDL,BDL,BDL,5.8,BDL,BDL,BDL,BDL,BDL
5002CWTY,5002,Toy (n=31),Rural,1.32E+04,BDL,BDL,BDL,BDL,BDL,4.12,BDL,BDL,BDL,BDL,BDL
7002CWTY,7002,Toy (n=31),Rural,5.32E+03,BDL,BDL,BDL,BDL,BDL,3.73,BDL,BDL,BDL,BDL,BDL
9003CWTY,9003,Toy (n=31),Rural,BDL,BDL,BDL,BDL,BDL,BDL,BDL,BDL,BDL,BDL,BDL,BDL
9005CWTY,9005,Toy (n=31),Rural,1.68E+05,BDL,BDL,BDL,BDL,BDL,5.22,BDL,BDL,BDL,BDL,BDL
9006CWTY,9006,Toy (n=31),Rural,2.51E+06,BDL,BDL,BDL,BDL,BDL,6.4,BDL,BDL,BDL,BDL,BDL
1019CWTV,1019,TV remote (n=16),Rural,2.14E+03,BDL,BDL,BDL,BDL,BDL,3.33,BDL,BDL,BDL,BDL,BDL
1020CNTV,1020,TV remote (n=16),Urban,1.01E+04,BDL,BDL,BDL,BDL,BDL,4,BDL,BDL,BDL,BDL,BDL
1021CNTV,1021,TV remote (n=16),Urban,1.16E+04,BDL,BDL,BDL,BDL,BDL,4.07,BDL,BDL,BDL,BDL,BDL
1023CNTV,1023,TV remote (n=16),Urban,1.79E+04,BDL,BDL,BDL,BDL,BDL,4.25,BDL,BDL,BDL,BDL,BDL
2008CWTV,2008,TV remote (n=16),Rural,6.44E+03,1.33E+02,BDL,BDL,BDL,BDL,3.81,2.12,BDL,BDL,BDL,BDL
2016CWTV,2016,TV remote (n=16),Rural,1.06E+04,1.59E+02,BDL,BDL,BDL,BDL,4.03,2.2,BDL,BDL,BDL,BDL
2033CNTV,2033,TV remote (n=16),Semi-rural,5.23E+03,BDL,BDL,BDL,BDL,BDL,3.72,BDL,BDL,BDL,BDL,BDL
3007CWTV,3007,TV remote (n=16),Rural,8.23E+04,BDL,BDL,BDL,BDL,BDL,4.92,BDL,BDL,BDL,BDL,BDL
4002CWTV,4002,TV remote (n=16),Rural,2.48E+04,BDL,BDL,BDL,BDL,BDL,4.39,BDL,BDL,BDL,BDL,BDL
4005CNTV,4005,TV remote (n=16),Rural,7.77E+03,BDL,BDL,BDL,BDL,BDL,3.89,BDL,BDL,BDL,BDL,BDL
4006CNTV,4006,TV remote (n=16),Rural,1.03E+03,BDL,BDL,BDL,BDL,BDL,3.01,BDL,BDL,BDL,BDL,BDL
7003CNTV,7003,TV remote (n=16),Rural,1.45E+04,BDL,BDL,BDL,BDL,BDL,4.16,BDL,BDL,BDL,BDL,BDL
7004CNTV,7004,TV remote (n=16),Rural,5.33E+03,BDL,BDL,BDL,BDL,BDL,3.73,BDL,BDL,BDL,BDL,BDL
9002CNTV,9002,TV remote (n=16),Rural,1.10E+05,BDL,BDL,BDL,BDL,BDL,5.04,BDL,BDL,BDL,BDL,BDL
9005CWTV,9005,TV remote (n=16),Rural,8.23E+04,BDL,BDL,BDL,BDL,BDL,4.92,BDL,BDL,BDL,BDL,BDL
9006CWTV,9006,TV remote (n=16),Rural,1.16E+04,BDL,BDL,BDL,BDL,BDL,4.07,BDL,BDL,BDL,BDL,BDL
