Sample_Code,Household,Sample_Type,Site,GenBac,HF183,Rum2Bac,Pig2Bac,DG37,GFD,Number_positive,Any_positive,Number_source_spec_positive,Any_source_spec_pos,Number_animal_positive,Any_animal_pos,Human_positive
1001CWHM,1001,Adult hands (59),Urban,1,0,0,0,0,0,1,1,0,0,0,0,0
1002CWHM,1002,Adult hands (59),Urban,1,1,0,0,1,0,3,1,2,1,1,1,1
1006CWHM,1006,Adult hands (59),Urban,1,0,0,0,0,0,1,1,0,0,0,0,0
1007CWHM,1007,Adult hands (59),Urban,1,1,0,0,0,0,2,1,1,1,0,0,1
1010CWHM,1010,Adult hands (59),Urban,1,1,0,0,1,0,3,1,2,1,1,1,1
1011CWHM,1011,Adult hands (59),Urban,1,0,0,0,0,0,1,1,0,0,0,0,0
1012CWHM,1012,Adult hands (59),Urban,1,1,0,0,1,0,3,1,2,1,1,1,1
1013CWHM,1013,Adult hands (59),Urban,1,1,0,0,0,0,2,1,1,1,0,0,1
1017CWHM,1017,Adult hands (59),Urban,1,1,0,0,0,0,2,1,1,1,0,0,1
1019CWHM,1019,Adult hands (59),Urban,1,0,0,0,0,0,1,1,0,0,0,0,0
2004CWHM,2004,Adult hands (59),Semirural,1,1,0,0,0,0,2,1,1,1,0,0,1
2007CWHM,2007,Adult hands (59),Semirural,1,0,0,0,0,0,1,1,0,0,0,0,0
2013CWHM,2013,Adult hands (59),Semirural,1,0,0,0,1,0,2,1,1,1,1,1,0
3005CWHM,3005,Adult hands (59),Rural,1,0,0,0,0,0,1,1,0,0,0,0,0
9003CWHM,9003,Adult hands (59),Rural,1,0,0,0,0,0,1,1,0,0,0,0,0
9006CWHM,9006,Adult hands (59),Rural,1,0,0,1,0,0,2,1,1,1,1,1,0
1015CWHM,1015,Adult hands (59),Urban,1,1,0,0,0,0,2,1,1,1,0,0,1
1020CNHM,1020,Adult hands (59),Urban,1,1,0,0,0,0,2,1,1,1,0,0,1
1021CNHM,1021,Adult hands (59),Urban,1,1,0,0,0,1,3,1,2,1,1,1,1
1022CNHM,1022,Adult hands (59),Urban,1,1,0,0,0,0,2,1,1,1,0,0,1
1023CNHM,1023,Adult hands (59),Urban,1,1,0,0,0,0,2,1,1,1,0,0,1
2001CWHM,2001,Adult hands (59),Semirural,1,1,0,0,0,0,2,1,1,1,0,0,1
2008CWHM,2008,Adult hands (59),Semirural,1,1,0,0,0,0,2,1,1,1,0,0,1
2012CWHM,2012,Adult hands (59),Semirural,1,1,0,0,0,0,2,1,1,1,0,0,1
2015CWHM,2015,Adult hands (59),Semirural,1,0,0,0,0,0,1,1,0,0,0,0,0
2016CWHM,2016,Adult hands (59),Semirural,1,0,0,0,0,0,1,1,0,0,0,0,0
2018CWHM,2018,Adult hands (59),Semirural,1,1,0,0,0,0,2,1,1,1,0,0,1
2021CNHM,2021,Adult hands (59),Semirural,1,0,0,0,0,0,1,1,0,0,0,0,0
2022CNHM,2022,Adult hands (59),Semirural,1,0,1,1,0,0,3,1,2,1,2,1,0
2023CNHM,2023,Adult hands (59),Semirural,1,1,0,0,0,0,2,1,1,1,0,0,1
2025CNHM,2025,Adult hands (59),Semirural,1,1,0,0,0,0,2,1,1,1,0,0,1
2026CWHM,2026,Adult hands (59),Semirural,1,0,0,0,0,0,1,1,0,0,0,0,0
2027CNHM,2027,Adult hands (59),Semirural,1,1,0,0,0,0,2,1,1,1,0,0,1
2028CNHM,2028,Adult hands (59),Semirural,1,0,0,0,0,0,1,1,0,0,0,0,0
2029CNHM,2029,Adult hands (59),Semirural,1,1,0,0,0,0,2,1,1,1,0,0,1
2030CNHM,2030,Adult hands (59),Semirural,1,1,0,0,0,0,2,1,1,1,0,0,1
2031CNHM,2031,Adult hands (59),Semirural,1,1,0,0,0,0,2,1,1,1,0,0,1
2032CNHM,2032,Adult hands (59),Semirural,1,1,0,1,0,1,4,1,3,1,2,1,1
2033CNHM,2033,Adult hands (59),Semirural,1,0,0,0,0,0,1,1,0,0,0,0,0
2034CNHM,2034,Adult hands (59),Semirural,1,1,0,0,0,0,2,1,1,1,0,0,1
2035CNHM,2035,Adult hands (59),Semirural,1,1,0,0,0,0,2,1,1,1,0,0,1
3001CWHM,3001,Adult hands (59),Rural,1,0,0,0,0,0,1,1,0,0,0,0,0
3003CWHM,3003,Adult hands (59),Rural,1,1,0,0,0,0,2,1,1,1,0,0,1
3007CWHM,3007,Adult hands (59),Rural,1,1,0,0,0,0,2,1,1,1,0,0,1
3008CNHM,3008,Adult hands (59),Rural,1,1,0,0,0,1,3,1,2,1,1,1,1
3009CNHM,3009,Adult hands (59),Rural,1,0,0,0,0,0,1,1,0,0,0,0,0
3010CNHM,3010,Adult hands (59),Rural,1,1,0,0,0,0,2,1,1,1,0,0,1
4002CWHM,4002,Adult hands (59),Rural,1,0,0,0,0,0,1,1,0,0,0,0,0
4004CNHM,4004,Adult hands (59),Rural,1,0,0,0,0,0,1,1,0,0,0,0,0
4005CNHM,4005,Adult hands (59),Rural,1,1,0,0,0,0,2,1,1,1,0,0,1
4006CNHM,4006,Adult hands (59),Rural,1,0,0,0,0,0,1,1,0,0,0,0,0
5001CWHM,5001,Adult hands (59),Rural,1,1,0,0,0,0,2,1,1,1,0,0,1
5002CWHM,5002,Adult hands (59),Rural,1,0,0,0,0,0,1,1,0,0,0,0,0
7002CWHM,7002,Adult hands (59),Rural,1,0,0,0,0,0,1,1,0,0,0,0,0
7003CNHM,7003,Adult hands (59),Rural,1,0,0,0,0,0,1,1,0,0,0,0,0
7004CNHM,7004,Adult hands (59),Rural,1,0,0,1,0,0,2,1,1,1,1,1,0
9001CNHM,9001,Adult hands (59),Rural,1,0,0,0,0,0,1,1,0,0,0,0,0
9002CNHM,9002,Adult hands (59),Rural,1,0,0,0,0,0,1,1,0,0,0,0,0
9005CWHM,9005,Adult hands (59),Rural,1,0,0,0,0,0,1,1,0,0,0,0,0
1006CWCL,1006,Cellphone (30),Urban,1,0,0,0,0,0,1,1,0,0,0,0,0
1010CWCL,1010,Cellphone (30),Urban,1,0,0,0,0,0,1,1,0,0,0,0,0
1011CWCL,1011,Cellphone (30),Urban,1,0,0,0,0,0,1,1,0,0,0,0,0
1012CWCL,1012,Cellphone (30),Urban,1,0,0,0,0,0,1,1,0,0,0,0,0
1017CWCL,1017,Cellphone (30),Urban,1,0,0,0,0,0,1,1,0,0,0,0,0
1019CWCL,1019,Cellphone (30),Urban,1,0,0,0,0,0,1,1,0,0,0,0,0
2007CWCL,2007,Cellphone (30),Semirural,1,0,0,0,0,0,1,1,0,0,0,0,0
9003CWCL,9003,Cellphone (30),Rural,1,0,0,0,0,0,1,1,0,0,0,0,0
1020CNCL,1020,Cellphone (30),Urban,1,0,0,0,0,0,1,1,0,0,0,0,0
1022CNCL,1022,Cellphone (30),Urban,1,0,0,0,0,0,1,1,0,0,0,0,0
1023CNCL,1023,Cellphone (30),Urban,1,0,0,0,0,0,1,1,0,0,0,0,0
2015CWCL,2015,Cellphone (30),Semirural,0,0,0,0,0,0,0,0,0,0,0,0,0
2021CNCL,2021,Cellphone (30),Semirural,1,0,0,0,0,0,1,1,0,0,0,0,0
2022CNCL,2022,Cellphone (30),Semirural,1,0,0,0,0,0,1,1,0,0,0,0,0
2023CNCL,2023,Cellphone (30),Semirural,1,0,0,0,0,0,1,1,0,0,0,0,0
2025CNCL,2025,Cellphone (30),Semirural,1,1,0,0,0,0,2,1,1,1,0,0,1
2027CNCL,2027,Cellphone (30),Semirural,1,0,0,0,0,0,1,1,0,0,0,0,0
2028CNCL,2028,Cellphone (30),Semirural,1,0,0,0,0,0,1,1,0,0,0,0,0
2029CNCL,2029,Cellphone (30),Semirural,1,0,0,0,0,0,1,1,0,0,0,0,0
2030CNCL,2030,Cellphone (30),Semirural,1,0,0,0,0,0,1,1,0,0,0,0,0
2031CNCL,2031,Cellphone (30),Semirural,1,0,0,1,0,0,2,1,1,1,1,1,0
2032CNCL,2032,Cellphone (30),Semirural,1,0,0,0,0,0,1,1,0,0,0,0,0
2034CNCL,2034,Cellphone (30),Semirural,1,0,0,0,0,0,1,1,0,0,0,0,0
2035CNCL,2035,Cellphone (30),Semirural,1,0,0,0,0,0,1,1,0,0,0,0,0
3001CWCL,3001,Cellphone (30),Rural,1,0,0,0,0,0,1,1,0,0,0,0,0
3008CNCL,3008,Cellphone (30),Rural,1,0,0,0,0,0,1,1,0,0,0,0,0
3009CNCL,3009,Cellphone (30),Rural,1,0,0,0,0,0,1,1,0,0,0,0,0
3010CNCL,3010,Cellphone (30),Rural,1,0,0,0,0,0,1,1,0,0,0,0,0
4004CNCL,4004,Cellphone (30),Rural,1,0,0,0,0,0,1,1,0,0,0,0,0
5001CWCL,5001,Cellphone (30),Rural,1,0,0,0,0,0,1,1,0,0,0,0,0
1001CWHC,1001,Child hands (31),Urban,1,0,0,0,1,0,2,1,1,1,1,1,0
1002CWHC,1002,Child hands (31),Urban,1,1,0,0,1,0,3,1,2,1,1,1,1
1006CWHC,1006,Child hands (31),Urban,1,1,0,0,0,0,2,1,1,1,0,0,1
1007CWHC,1007,Child hands (31),Urban,1,1,0,0,1,0,3,1,2,1,1,1,1
1010CWHC,1010,Child hands (31),Urban,1,1,0,0,0,0,2,1,1,1,0,0,1
1011CWHC,1011,Child hands (31),Urban,1,0,0,0,0,0,1,1,0,0,0,0,0
1012CWHC,1012,Child hands (31),Urban,1,1,0,0,0,0,2,1,1,1,0,0,1
1015CWHC,1015,Child hands (31),Urban,1,1,0,0,0,0,2,1,1,1,0,0,1
1013CWHC,1013,Child hands (31),Urban,1,1,0,0,0,0,2,1,1,1,0,0,1
1017CWHC,1017,Child hands (31),Urban,1,1,0,0,0,0,2,1,1,1,0,0,1
1019CWHC,1019,Child hands (31),Urban,1,0,0,0,0,0,1,1,0,0,0,0,0
2004CWHC,2004,Child hands (31),Semirural,1,0,0,0,0,0,1,1,0,0,0,0,0
2007CWHC,2007,Child hands (31),Semirural,1,1,0,0,1,0,3,1,2,1,1,1,1
2013CWHC,2013,Child hands (31),Semirural,1,0,0,0,0,0,1,1,0,0,0,0,0
3005CWHC,3005,Child hands (31),Rural,1,0,0,0,0,0,1,1,0,0,0,0,0
9003CWHC,9003,Child hands (31),Rural,1,0,0,0,0,1,2,1,1,1,1,1,0
9006CWHC,9006,Child hands (31),Rural,1,0,0,0,0,0,1,1,0,0,0,0,0
2001CWHC,2001,Child hands (31),Semirural,1,1,0,0,0,0,2,1,1,1,0,0,1
2008CWHC,2008,Child hands (31),Semirural,1,1,0,0,0,0,2,1,1,1,0,0,1
2012CWHC,2012,Child hands (31),Semirural,1,1,0,0,0,0,2,1,1,1,0,0,1
2015CWHC,2015,Child hands (31),Semirural,1,1,0,0,1,0,3,1,2,1,1,1,1
2016CWHC,2016,Child hands (31),Semirural,1,0,0,0,0,0,1,1,0,0,0,0,0
2018CWHC,2018,Child hands (31),Semirural,1,1,0,0,0,0,2,1,1,1,0,0,1
3001CWHC,3001,Child hands (31),Rural,1,0,0,0,0,0,1,1,0,0,0,0,0
3003CWHC,3003,Child hands (31),Rural,1,1,0,0,0,1,3,1,2,1,1,1,1
3007CWHC,3007,Child hands (31),Rural,1,0,0,0,0,0,1,1,0,0,0,0,0
4002CWHC,4002,Child hands (31),Rural,1,0,0,0,0,0,1,1,0,0,0,0,0
5001CWHC,5001,Child hands (31),Rural,1,0,0,0,0,0,1,1,0,0,0,0,0
5002CWHC,5002,Child hands (31),Rural,1,0,0,0,0,0,1,1,0,0,0,0,0
7002CWHC,7002,Child hands (31),Rural,1,0,0,0,0,0,1,1,0,0,0,0,0
9005CWHC,9005,Child hands (31),Rural,1,0,0,0,0,0,1,1,0,0,0,0,0
9006CWDI,9006,Dish drying surface (10),Rural,1,0,0,0,0,0,1,1,0,0,0,0,0
2021CNDI,2021,Dish drying surface (10),Semirural,1,0,0,0,0,0,1,1,0,0,0,0,0
2027CNDI,2027,Dish drying surface (10),Semirural,0,0,0,0,0,0,0,0,0,0,0,0,0
2028CNDI,2028,Dish drying surface (10),Semirural,1,0,0,0,0,0,1,1,0,0,0,0,0
2029CNDI,2029,Dish drying surface (10),Semirural,1,0,0,0,0,0,1,1,0,0,0,0,0
2035CNDI,2035,Dish drying surface (10),Semirural,1,0,0,0,0,0,1,1,0,0,0,0,0
7003CNDI,7003,Dish drying surface (10),Rural,1,0,0,0,0,0,1,1,0,0,0,0,0
7004CNDI,7004,Dish drying surface (10),Rural,1,0,0,0,0,0,1,1,0,0,0,0,0
9001CNDI,9001,Dish drying surface (10),Rural,1,0,0,0,0,0,1,1,0,0,0,0,0
9005CWDI,9005,Dish drying surface (10),Rural,1,0,0,0,0,0,1,1,0,0,0,0,0
1001CWDW,1001,Domestic water (48),Urban,0,0,0,0,0,0,0,0,0,0,0,0,0
1002CWDW,1002,Domestic water (48),Urban,1,1,0,0,0,0,2,1,1,1,0,0,1
1007CWDW,1007,Domestic water (48),Urban,0,0,0,0,0,0,0,0,0,0,0,0,0
1011CWDW,1011,Domestic water (48),Urban,1,0,0,0,0,0,1,1,0,0,0,0,0
1012CWDW,1012,Domestic water (48),Urban,1,0,0,0,0,0,1,1,0,0,0,0,0
1015CWDW,1015,Domestic water (48),Urban,1,0,0,0,0,0,1,1,0,0,0,0,0
1013CWDW,1013,Domestic water (48),Urban,1,0,0,0,0,0,1,1,0,0,0,0,0
1017CWDW,1017,Domestic water (48),Urban,0,0,0,0,0,0,0,0,0,0,0,0,0
2004CWDW,2004,Domestic water (48),Semirural,1,0,0,0,0,0,1,1,0,0,0,0,0
2007CWDW,2007,Domestic water (48),Semirural,1,0,0,0,0,0,1,1,0,0,0,0,0
2013CWDW,2013,Domestic water (48),Semirural,0,0,0,0,0,0,0,0,0,0,0,0,0
3005CWDW,3005,Domestic water (48),Rural,1,0,0,0,0,0,1,1,0,0,0,0,0
1020CNDW,1020,Domestic water (48),Urban,0,0,0,0,0,0,0,0,0,0,0,0,0
1021CNDW,1021,Domestic water (48),Urban,0,0,0,0,0,0,0,0,0,0,0,0,0
1023CNDW,1023,Domestic water (48),Urban,1,0,0,0,0,0,1,1,0,0,0,0,0
2001CWDW,2001,Domestic water (48),Semirural,0,0,0,0,0,0,0,0,0,0,0,0,0
2008CWDW,2008,Domestic water (48),Semirural,1,0,0,0,0,0,1,1,0,0,0,0,0
2012CWDW,2012,Domestic water (48),Semirural,1,1,0,0,0,0,2,1,1,1,0,0,1
2015CWDW,2015,Domestic water (48),Semirural,1,0,0,0,0,0,1,1,0,0,0,0,0
2016CWDW,2016,Domestic water (48),Semirural,1,0,0,0,0,0,1,1,0,0,0,0,0
2018CWDW,2018,Domestic water (48),Semirural,1,0,0,0,0,0,1,1,0,0,0,0,0
2021CNDW,2021,Domestic water (48),Semirural,1,0,0,0,0,0,1,1,0,0,0,0,0
2022CNDW,2022,Domestic water (48),Semirural,1,0,0,0,0,0,1,1,0,0,0,0,0
2023CNDW,2023,Domestic water (48),Semirural,1,0,0,0,0,0,1,1,0,0,0,0,0
2025CNDW,2025,Domestic water (48),Semirural,1,1,0,0,0,0,2,1,1,1,0,0,1
2026CWDW,2026,Domestic water (48),Semirural,1,0,0,0,0,0,1,1,0,0,0,0,0
2027CNDW,2027,Domestic water (48),Semirural,1,0,0,0,0,0,1,1,0,0,0,0,0
2028CNDW,2028,Domestic water (48),Semirural,1,0,0,0,0,0,1,1,0,0,0,0,0
2029CNDW,2029,Domestic water (48),Semirural,1,0,0,0,0,0,1,1,0,0,0,0,0
2030CNDW,2030,Domestic water (48),Semirural,1,0,0,0,0,0,1,1,0,0,0,0,0
2032CNDW,2032,Domestic water (48),Semirural,1,0,0,0,0,0,1,1,0,0,0,0,0
2033CNDW,2033,Domestic water (48),Semirural,1,0,0,0,0,0,1,1,0,0,0,0,0
2034CNDW,2034,Domestic water (48),Semirural,1,1,0,0,0,0,2,1,1,1,0,0,1
2035CNDW,2035,Domestic water (48),Semirural,1,0,0,0,0,0,1,1,0,0,0,0,0
3001CWDW,3001,Domestic water (48),Rural,1,0,0,0,0,0,1,1,0,0,0,0,0
3003CWDW,3003,Domestic water (48),Rural,1,0,0,0,0,0,1,1,0,0,0,0,0
3008CNDW,3008,Domestic water (48),Rural,1,0,0,0,0,0,1,1,0,0,0,0,0
3009CNDW,3009,Domestic water (48),Rural,1,0,0,0,0,0,1,1,0,0,0,0,0
3010CNDW,3010,Domestic water (48),Rural,1,0,0,0,0,0,1,1,0,0,0,0,0
4002CWDW,4002,Domestic water (48),Rural,1,0,0,0,0,0,1,1,0,0,0,0,0
4004CNDW,4004,Domestic water (48),Rural,1,0,0,0,0,0,1,1,0,0,0,0,0
4005CNDW,4005,Domestic water (48),Rural,1,1,0,0,0,0,2,1,1,1,0,0,1
4006CNDW,4006,Domestic water (48),Rural,1,0,0,0,0,0,1,1,0,0,0,0,0
5002CWDW,5002,Domestic water (48),Rural,0,0,0,0,0,0,0,0,0,0,0,0,0
7002CWDW,7002,Domestic water (48),Rural,1,0,0,0,0,0,1,1,0,0,0,0,0
7003CNDW,7003,Domestic water (48),Rural,1,0,0,0,0,0,1,1,0,0,0,0,0
7004CNDW,7004,Domestic water (48),Rural,1,0,0,0,0,0,1,1,0,0,0,0,0
9001CNDW,9001,Domestic water (48),Rural,1,0,0,0,0,0,1,1,0,0,0,0,0
1001CWDK,1001,Doorknob (59),Urban,1,0,0,0,0,0,1,1,0,0,0,0,0
1002CWDK,1002,Doorknob (59),Urban,1,0,0,0,0,0,1,1,0,0,0,0,0
1006CWDK,1006,Doorknob (59),Urban,1,0,0,0,0,0,1,1,0,0,0,0,0
1007CWDK,1007,Doorknob (59),Urban,1,0,0,0,0,0,1,1,0,0,0,0,0
1010CWDK,1010,Doorknob (59),Urban,1,0,0,0,0,0,1,1,0,0,0,0,0
1011CWDK,1011,Doorknob (59),Urban,1,0,0,0,0,0,1,1,0,0,0,0,0
1012CWDK,1012,Doorknob (59),Urban,1,0,0,0,0,0,1,1,0,0,0,0,0
1015CWDK,1015,Doorknob (59),Urban,1,0,0,0,0,0,1,1,0,0,0,0,0
1013CWDK,1013,Doorknob (59),Urban,1,0,0,0,0,0,1,1,0,0,0,0,0
1020CNDK,1020,Doorknob (59),Urban,1,0,0,0,0,0,1,1,0,0,0,0,0
1021CNDK,1021,Doorknob (59),Urban,1,0,0,0,0,1,2,1,1,1,1,1,0
1022CNDK,1022,Doorknob (59),Urban,1,0,0,0,0,0,1,1,0,0,0,0,0
1023CNDK,1023,Doorknob (59),Urban,1,0,0,0,0,0,1,1,0,0,0,0,0
2001CWDK,2001,Doorknob (59),Semirural,1,0,0,0,0,0,1,1,0,0,0,0,0
1017CWDK,1017,Doorknob (59),Urban,1,1,0,0,0,0,2,1,1,1,0,0,1
1019CWDK,1019,Doorknob (59),Urban,1,0,0,0,0,0,1,1,0,0,0,0,0
2004CWDK,2004,Doorknob (59),Semirural,1,0,0,0,0,0,1,1,0,0,0,0,0
2007CWDK,2007,Doorknob (59),Semirural,1,0,0,0,1,0,2,1,1,1,1,1,0
2013CWDK,2013,Doorknob (59),Semirural,1,0,0,0,0,0,1,1,0,0,0,0,0
3005CWDK,3005,Doorknob (59),Rural,1,0,0,0,0,1,2,1,1,1,1,1,0
9003CWDK,9003,Doorknob (59),Rural,1,0,0,0,0,0,1,1,0,0,0,0,0
9006CWDK,9006,Doorknob (59),Rural,1,0,0,0,0,0,1,1,0,0,0,0,0
2008CWDK,2008,Doorknob (59),Semirural,1,1,0,0,0,0,2,1,1,1,0,0,1
2012CWDK,2012,Doorknob (59),Semirural,1,1,0,0,0,0,2,1,1,1,0,0,1
2015CWDK,2015,Doorknob (59),Semirural,1,0,0,0,0,0,1,1,0,0,0,0,0
2016CWDK,2016,Doorknob (59),Semirural,1,0,0,0,0,0,1,1,0,0,0,0,0
2018CWDK,2018,Doorknob (59),Semirural,1,0,0,0,0,0,1,1,0,0,0,0,0
2021CNDK,2021,Doorknob (59),Semirural,1,0,0,0,0,0,1,1,0,0,0,0,0
2022CNDK,2022,Doorknob (59),Semirural,1,0,0,1,0,0,2,1,1,1,1,1,0
2023CNDK,2023,Doorknob (59),Semirural,1,0,0,0,0,0,1,1,0,0,0,0,0
2025CNDK,2025,Doorknob (59),Semirural,1,1,0,0,0,0,2,1,1,1,0,0,1
2026CWDK,2026,Doorknob (59),Semirural,1,0,0,0,0,0,1,1,0,0,0,0,0
2027CNDK,2027,Doorknob (59),Semirural,1,0,0,0,0,0,1,1,0,0,0,0,0
2028CNDK,2028,Doorknob (59),Semirural,1,0,0,0,0,0,1,1,0,0,0,0,0
2029CNDK,2029,Doorknob (59),Semirural,1,0,0,0,0,0,1,1,0,0,0,0,0
2030CNDK,2030,Doorknob (59),Semirural,1,0,0,0,0,0,1,1,0,0,0,0,0
2031CNDK,2031,Doorknob (59),Semirural,1,0,0,0,0,0,1,1,0,0,0,0,0
2032CNDK,2032,Doorknob (59),Semirural,1,0,0,1,0,0,2,1,1,1,1,1,0
2033CNDK,2033,Doorknob (59),Semirural,1,0,0,0,0,0,1,1,0,0,0,0,0
2034CNDK,2034,Doorknob (59),Semirural,1,0,0,0,0,0,1,1,0,0,0,0,0
2035CNDK,2035,Doorknob (59),Semirural,0,0,0,0,0,0,0,0,0,0,0,0,0
3001CWDK,3001,Doorknob (59),Rural,1,0,0,0,0,0,1,1,0,0,0,0,0
3003CWDK,3003,Doorknob (59),Rural,1,1,0,0,0,0,2,1,1,1,0,0,1
3007CWDK,3007,Doorknob (59),Rural,1,0,0,0,0,0,1,1,0,0,0,0,0
3008CNDK,3008,Doorknob (59),Rural,1,1,0,0,0,0,2,1,1,1,0,0,1
3009CNDK,3009,Doorknob (59),Rural,1,0,0,0,0,0,1,1,0,0,0,0,0
3010CNDK,3010,Doorknob (59),Rural,1,0,0,0,0,0,1,1,0,0,0,0,0
4002CWDK,4002,Doorknob (59),Rural,1,0,0,0,0,0,1,1,0,0,0,0,0
4004CNDK,4004,Doorknob (59),Rural,1,0,0,0,0,0,1,1,0,0,0,0,0
4005CNDK,4005,Doorknob (59),Rural,1,0,0,0,0,0,1,1,0,0,0,0,0
4006CNDK,4006,Doorknob (59),Rural,1,0,0,0,0,0,1,1,0,0,0,0,0
5001CWDK,5001,Doorknob (59),Rural,1,0,0,0,0,0,1,1,0,0,0,0,0
5002CWDK,5002,Doorknob (59),Rural,1,0,0,0,0,0,1,1,0,0,0,0,0
7002CWDK,7002,Doorknob (59),Rural,1,0,0,0,0,0,1,1,0,0,0,0,0
7003CNDK,7003,Doorknob (59),Rural,1,0,0,0,0,0,1,1,0,0,0,0,0
7004CNDK,7004,Doorknob (59),Rural,1,0,0,0,0,0,1,1,0,0,0,0,0
9001CNDK,9001,Doorknob (59),Rural,1,0,0,0,0,0,1,1,0,0,0,0,0
9002CNDK,9002,Doorknob (59),Rural,1,0,0,0,0,0,1,1,0,0,0,0,0
9005CWDK,9005,Doorknob (59),Rural,1,0,0,0,0,0,1,1,0,0,0,0,0
1001CWKW,1001,Drinking water (55),Urban,1,0,0,0,0,0,1,1,0,0,0,0,0
1002CWKW,1002,Drinking water (55),Urban,0,0,0,0,0,0,0,0,0,0,0,0,0
1006CWKW,1006,Drinking water (55),Urban,1,0,0,0,0,0,1,1,0,0,0,0,0
1007CWKW,1007,Drinking water (55),Urban,1,0,0,0,0,0,1,1,0,0,0,0,0
1010CWKW,1010,Drinking water (55),Urban,1,0,0,0,0,0,1,1,0,0,0,0,0
1011CWKW,1011,Drinking water (55),Urban,0,0,0,0,0,0,0,0,0,0,0,0,0
1012CWKW,1012,Drinking water (55),Urban,1,0,0,0,0,0,1,1,0,0,0,0,0
1015CWKW,1015,Drinking water (55),Urban,0,0,0,0,0,0,0,0,0,0,0,0,0
1020CNKW,1020,Drinking water (55),Urban,0,0,0,0,0,0,0,0,0,0,0,0,0
1021CNKW,1021,Drinking water (55),Urban,1,0,0,0,0,0,1,1,0,0,0,0,0
1022CNKW,1022,Drinking water (55),Urban,0,0,0,0,0,0,0,0,0,0,0,0,0
1023CNKW,1023,Drinking water (55),Urban,0,0,0,0,0,0,0,0,0,0,0,0,0
2001CWKW,2001,Drinking water (55),Semirural,1,0,0,0,0,0,1,1,0,0,0,0,0
1013CWKW,1013,Drinking water (55),Urban,1,0,0,0,0,0,1,1,0,0,0,0,0
1017CWKW,1017,Drinking water (55),Urban,0,0,0,0,0,0,0,0,0,0,0,0,0
1019CWKW,1019,Drinking water (55),Urban,0,0,0,0,0,0,0,0,0,0,0,0,0
2004CWKW,2004,Drinking water (55),Semirural,1,0,0,0,0,0,1,1,0,0,0,0,0
2007CWKW,2007,Drinking water (55),Semirural,0,0,0,0,0,0,0,0,0,0,0,0,0
2013CWKW,2013,Drinking water (55),Semirural,1,0,0,0,0,0,1,1,0,0,0,0,0
3005CWKW,3005,Drinking water (55),Rural,1,0,0,0,0,0,1,1,0,0,0,0,0
9003CWKW,9003,Drinking water (55),Rural,1,0,0,0,0,1,2,1,1,1,1,1,0
9006CWKW,9006,Drinking water (55),Rural,1,0,0,0,0,0,1,1,0,0,0,0,0
2008CWKW,2008,Drinking water (55),Semirural,1,0,0,0,0,0,1,1,0,0,0,0,0
2012CWKW,2012,Drinking water (55),Semirural,1,0,0,0,0,0,1,1,0,0,0,0,0
2015CWKW,2015,Drinking water (55),Semirural,0,0,0,0,0,0,0,0,0,0,0,0,0
2016CWKW,2016,Drinking water (55),Semirural,1,0,0,0,0,0,1,1,0,0,0,0,0
2018CWKW,2018,Drinking water (55),Semirural,0,0,0,0,0,0,0,0,0,0,0,0,0
2021CNKW,2021,Drinking water (55),Semirural,1,0,0,0,0,0,1,1,0,0,0,0,0
2022CNKW,2022,Drinking water (55),Semirural,1,0,0,0,0,0,1,1,0,0,0,0,0
2023CNKW,2023,Drinking water (55),Semirural,0,0,0,0,0,0,0,0,0,0,0,0,0
2025CNKW,2025,Drinking water (55),Semirural,1,0,0,0,0,0,1,1,0,0,0,0,0
2026CWKW,2026,Drinking water (55),Semirural,1,0,0,0,0,0,1,1,0,0,0,0,0
2027CNKW,2027,Drinking water (55),Semirural,1,0,0,0,0,0,1,1,0,0,0,0,0
2029CNKW,2029,Drinking water (55),Semirural,1,0,0,0,0,0,1,1,0,0,0,0,0
2030CNKW,2030,Drinking water (55),Semirural,1,0,0,0,0,0,1,1,0,0,0,0,0
2031CNKW,2031,Drinking water (55),Semirural,1,0,0,0,0,0,1,1,0,0,0,0,0
2032CNKW,2032,Drinking water (55),Semirural,0,0,0,0,0,0,0,0,0,0,0,0,0
2033CNKW,2033,Drinking water (55),Semirural,1,0,0,0,0,0,1,1,0,0,0,0,0
2035CNKW,2035,Drinking water (55),Semirural,1,0,0,0,0,0,1,1,0,0,0,0,0
3001CWKW,3001,Drinking water (55),Rural,1,0,0,0,0,0,1,1,0,0,0,0,0
3003CWKW,3003,Drinking water (55),Rural,1,0,0,0,0,0,1,1,0,0,0,0,0
3007CWKW,3007,Drinking water (55),Rural,1,0,0,0,0,0,1,1,0,0,0,0,0
3008CNKW,3008,Drinking water (55),Rural,1,0,0,0,0,0,1,1,0,0,0,0,0
3009CNKW,3009,Drinking water (55),Rural,1,0,0,1,0,0,2,1,1,1,1,1,0
3010CNKW,3010,Drinking water (55),Rural,0,0,0,0,0,0,0,0,0,0,0,0,0
4004CNKW,4004,Drinking water (55),Rural,0,0,0,0,0,0,0,0,0,0,0,0,0
4005CNKW,4005,Drinking water (55),Rural,1,0,0,0,0,0,1,1,0,0,0,0,0
5001CWKW,5001,Drinking water (55),Rural,1,0,0,0,0,0,1,1,0,0,0,0,0
5002CWKW,5002,Drinking water (55),Rural,0,0,0,0,0,0,0,0,0,0,0,0,0
7002CWKW,7002,Drinking water (55),Rural,1,0,0,0,0,0,1,1,0,0,0,0,0
7003CNKW,7003,Drinking water (55),Rural,1,0,0,0,0,0,1,1,0,0,0,0,0
7004CNKW,7004,Drinking water (55),Rural,1,0,0,0,0,0,1,1,0,0,0,0,0
9001CNKW,9001,Drinking water (55),Rural,1,0,0,0,0,0,1,1,0,0,0,0,0
9002CNKW,9002,Drinking water (55),Rural,1,0,0,0,0,0,1,1,0,0,0,0,0
9005CWKW,9005,Drinking water (55),Rural,1,0,0,0,0,0,1,1,0,0,0,0,0
1001CWFL,1001,Floor (59),Urban,1,0,0,0,1,1,3,1,2,1,2,1,0
1002CWFL,1002,Floor (59),Urban,1,1,0,0,0,0,2,1,1,1,0,0,1
1006CWFL,1006,Floor (59),Urban,1,0,0,0,0,0,1,1,0,0,0,0,0
1007CWFL,1007,Floor (59),Urban,1,1,0,0,1,1,4,1,3,1,2,1,1
1010CWFL,1010,Floor (59),Urban,1,0,0,0,1,0,2,1,1,1,1,1,0
1011CWFL,1011,Floor (59),Urban,1,0,0,0,0,1,2,1,1,1,1,1,0
1012CWFL,1012,Floor (59),Urban,1,1,0,0,0,0,2,1,1,1,0,0,1
1015CWFL,1015,Floor (59),Urban,1,1,0,0,0,0,2,1,1,1,0,0,1
1020CNFL,1020,Floor (59),Urban,1,1,0,1,1,1,5,1,4,1,3,1,1
1021CNFL,1021,Floor (59),Urban,1,1,0,0,0,0,2,1,1,1,0,0,1
1022CNFL,1022,Floor (59),Urban,1,0,0,0,0,0,1,1,0,0,0,0,0
1023CNFL,1023,Floor (59),Urban,1,0,0,0,1,1,3,1,2,1,2,1,0
2001CWFL,2001,Floor (59),Semirural,1,1,0,0,0,1,3,1,2,1,1,1,1
1013CWFL,1013,Floor (59),Urban,1,1,0,0,0,0,2,1,1,1,0,0,1
1017CWFL,1017,Floor (59),Urban,1,1,0,0,1,0,3,1,2,1,1,1,1
1019CWFL,1019,Floor (59),Urban,0,0,0,0,0,0,0,0,0,0,0,0,0
2008CWFL,2008,Floor (59),Semirural,1,1,0,0,1,0,3,1,2,1,1,1,1
2012CWFL,2012,Floor (59),Semirural,1,1,0,0,0,1,3,1,2,1,1,1,1
2004CWFL,2004,Floor (59),Semirural,1,0,0,0,0,1,2,1,1,1,1,1,0
2007CWFL,2007,Floor (59),Semirural,1,1,1,0,1,1,5,1,4,1,3,1,1
2013CWFL,2013,Floor (59),Semirural,1,0,0,0,0,1,2,1,1,1,1,1,0
3005CWFL,3005,Floor (59),Rural,1,0,0,0,0,0,1,1,0,0,0,0,0
9003CWFL,9003,Floor (59),Rural,0,0,0,0,0,0,0,0,0,0,0,0,0
9006CWFL,9006,Floor (59),Rural,1,0,0,0,0,0,1,1,0,0,0,0,0
2015CWFL,2015,Floor (59),Semirural,1,0,0,0,0,0,1,1,0,0,0,0,0
2016CWFL,2016,Floor (59),Semirural,1,1,0,0,0,0,2,1,1,1,0,0,1
2018CWFL,2018,Floor (59),Semirural,1,1,0,0,1,0,3,1,2,1,1,1,1
2021CNFL,2021,Floor (59),Semirural,1,0,0,0,0,1,2,1,1,1,1,1,0
2022CNFL,2022,Floor (59),Semirural,1,0,0,0,0,0,1,1,0,0,0,0,0
2023CNFL,2023,Floor (59),Semirural,1,0,0,0,0,0,1,1,0,0,0,0,0
2025CNFL,2025,Floor (59),Semirural,1,0,0,0,0,0,1,1,0,0,0,0,0
2026CWFL,2026,Floor (59),Semirural,1,0,0,0,0,0,1,1,0,0,0,0,0
2027CNFL,2027,Floor (59),Semirural,0,0,0,0,0,0,0,0,0,0,0,0,0
2028CNFL,2028,Floor (59),Semirural,1,0,0,0,0,0,1,1,0,0,0,0,0
2029CNFL,2029,Floor (59),Semirural,1,1,0,1,0,1,4,1,3,1,2,1,1
2030CNFL,2030,Floor (59),Semirural,1,1,0,0,0,0,2,1,1,1,0,0,1
2031CNFL,2031,Floor (59),Semirural,1,0,0,0,0,0,1,1,0,0,0,0,0
2032CNFL,2032,Floor (59),Semirural,1,0,0,0,0,0,1,1,0,0,0,0,0
2033CNFL,2033,Floor (59),Semirural,1,0,0,0,0,0,1,1,0,0,0,0,0
2034CNFL,2034,Floor (59),Semirural,1,0,0,0,0,0,1,1,0,0,0,0,0
2035CNFL,2035,Floor (59),Semirural,1,0,0,0,0,0,1,1,0,0,0,0,0
3001CWFL,3001,Floor (59),Rural,0,0,0,0,0,0,0,0,0,0,0,0,0
3003CWFL,3003,Floor (59),Rural,1,1,0,0,0,1,3,1,2,1,1,1,1
3007CWFL,3007,Floor (59),Rural,1,0,0,0,0,0,1,1,0,0,0,0,0
3008CNFL,3008,Floor (59),Rural,1,0,0,0,0,1,2,1,1,1,1,1,0
3009CNFL,3009,Floor (59),Rural,1,0,0,1,0,0,2,1,1,1,1,1,0
3010CNFL,3010,Floor (59),Rural,1,0,0,0,0,0,1,1,0,0,0,0,0
4002CWFL,4002,Floor (59),Rural,0,0,0,0,0,0,0,0,0,0,0,0,0
4004CNFL,4004,Floor (59),Rural,1,0,0,0,0,0,1,1,0,0,0,0,0
4005CNFL,4005,Floor (59),Rural,1,0,0,0,0,0,1,1,0,0,0,0,0
4006CNFL,4006,Floor (59),Rural,1,0,0,0,0,1,2,1,1,1,1,1,0
5001CWFL,5001,Floor (59),Rural,1,0,0,0,0,0,1,1,0,0,0,0,0
5002CWFL,5002,Floor (59),Rural,1,0,0,0,0,0,1,1,0,0,0,0,0
7002CWFL,7002,Floor (59),Rural,1,0,0,0,0,0,1,1,0,0,0,0,0
7003CNFL,7003,Floor (59),Rural,0,0,0,0,0,0,0,0,0,0,0,0,0
7004CNFL,7004,Floor (59),Rural,1,0,0,0,0,0,1,1,0,0,0,0,0
9001CNFL,9001,Floor (59),Rural,1,0,0,0,0,0,1,1,0,0,0,0,0
9002CNFL,9002,Floor (59),Rural,1,0,0,0,0,0,1,1,0,0,0,0,0
9005CWFL,9005,Floor (59),Rural,1,0,0,0,0,0,1,1,0,0,0,0,0
1001CWFD,1001,Food (57),Urban,0,0,0,0,0,0,0,0,0,0,0,0,0
1002CWFD,1002,Food (57),Urban,0,0,0,0,0,0,0,0,0,0,0,0,0
1006CWFD,1006,Food (57),Urban,0,0,0,0,0,0,0,0,0,0,0,0,0
1007CWFD,1007,Food (57),Urban,0,0,0,0,0,0,0,0,0,0,0,0,0
1010CWFD,1010,Food (57),Urban,0,0,0,0,0,0,0,0,0,0,0,0,0
1011CWFD,1011,Food (57),Urban,0,0,0,0,0,0,0,0,0,0,0,0,0
1012CWFD,1012,Food (57),Urban,0,0,0,0,0,0,0,0,0,0,0,0,0
1015CWFD,1015,Food (57),Urban,0,0,0,0,0,0,0,0,0,0,0,0,0
1020CNFD,1020,Food (57),Urban,0,0,0,0,0,0,0,0,0,0,0,0,0
1021CNFD,1021,Food (57),Urban,0,0,0,0,0,0,0,0,0,0,0,0,0
1022CNFD,1022,Food (57),Urban,0,0,0,0,0,0,0,0,0,0,0,0,0
1023CNFD,1023,Food (57),Urban,0,0,0,0,0,0,0,0,0,0,0,0,0
2001CWFD,2001,Food (57),Semirural,0,0,0,0,0,0,0,0,0,0,0,0,0
2008CWFD,2008,Food (57),Semirural,1,0,0,0,0,0,1,1,0,0,0,0,0
2012CWFD,2012,Food (57),Semirural,0,0,0,0,0,0,0,0,0,0,0,0,0
1013CWFD,1013,Food (57),Urban,0,0,0,0,0,0,0,0,0,0,0,0,0
1017CWFD,1017,Food (57),Urban,0,0,0,0,0,0,0,0,0,0,0,0,0
1019CWFD,1019,Food (57),Urban,0,0,0,0,0,0,0,0,0,0,0,0,0
2004CWFD,2004,Food (57),Semirural,1,0,0,0,0,0,1,1,0,0,0,0,0
2015CWFD,2015,Food (57),Semirural,1,0,0,0,0,0,1,1,0,0,0,0,0
2016CWFD,2016,Food (57),Semirural,1,0,0,0,0,0,1,1,0,0,0,0,0
2018CWFD,2018,Food (57),Semirural,1,0,0,0,0,0,1,1,0,0,0,0,0
2021CNFD,2021,Food (57),Semirural,0,0,0,0,0,0,0,0,0,0,0,0,0
2022CNFD,2022,Food (57),Semirural,1,0,0,0,0,0,1,1,0,0,0,0,0
2023CNFD,2023,Food (57),Semirural,0,0,0,0,0,0,0,0,0,0,0,0,0
2025CNFD,2025,Food (57),Semirural,0,0,0,0,0,0,0,0,0,0,0,0,0
2026CWFD,2026,Food (57),Semirural,0,0,0,0,0,0,0,0,0,0,0,0,0
2027CNFD,2027,Food (57),Semirural,0,0,0,0,0,0,0,0,0,0,0,0,0
2029CNFD,2029,Food (57),Semirural,0,0,0,0,0,0,0,0,0,0,0,0,0
2030CNFD,2030,Food (57),Semirural,1,0,0,0,0,0,1,1,0,0,0,0,0
2031CNFD,2031,Food (57),Semirural,0,0,0,0,0,0,0,0,0,0,0,0,0
2033CNFD,2033,Food (57),Semirural,0,0,0,0,0,0,0,0,0,0,0,0,0
2034CNFD,2034,Food (57),Semirural,1,0,0,0,0,0,1,1,0,0,0,0,0
2035CNFD,2035,Food (57),Semirural,1,0,0,0,0,0,1,1,0,0,0,0,0
3001CWFD,3001,Food (57),Rural,1,0,0,0,0,0,1,1,0,0,0,0,0
3003CWFD,3003,Food (57),Rural,0,0,0,0,0,0,0,0,0,0,0,0,0
2007CWFD,2007,Food (57),Semirural,0,0,0,0,0,0,0,0,0,0,0,0,0
2013CWFD,2013,Food (57),Semirural,0,0,0,0,0,0,0,0,0,0,0,0,0
3005CWFD,3005,Food (57),Rural,0,0,0,0,0,0,0,0,0,0,0,0,0
9003CWFD,9003,Food (57),Rural,0,0,0,0,0,0,0,0,0,0,0,0,0
9006CWFD,9006,Food (57),Rural,0,0,0,0,0,0,0,0,0,0,0,0,0
3007CWFD,3007,Food (57),Rural,0,0,0,0,0,0,0,0,0,0,0,0,0
3008CNFD,3008,Food (57),Rural,0,0,0,0,0,0,0,0,0,0,0,0,0
3009CNFD,3009,Food (57),Rural,0,0,0,0,0,0,0,0,0,0,0,0,0
3010CNFD,3010,Food (57),Rural,0,0,0,0,0,0,0,0,0,0,0,0,0
4002CWFD,4002,Food (57),Rural,0,0,0,0,0,0,0,0,0,0,0,0,0
4004CNFD,4004,Food (57),Rural,1,0,0,0,0,0,1,1,0,0,0,0,0
4005CNFD,4005,Food (57),Rural,0,0,0,0,0,0,0,0,0,0,0,0,0
4006CNFD,4006,Food (57),Rural,0,0,0,0,0,0,0,0,0,0,0,0,0
5001CWFD,5001,Food (57),Rural,0,0,0,0,0,0,0,0,0,0,0,0,0
5002CWFD,5002,Food (57),Rural,0,0,0,0,0,0,0,0,0,0,0,0,0
7002CWFD,7002,Food (57),Rural,1,0,0,0,0,0,1,1,0,0,0,0,0
7003CNFD,7003,Food (57),Rural,0,0,0,0,0,0,0,0,0,0,0,0,0
7004CNFD,7004,Food (57),Rural,0,0,0,0,0,0,0,0,0,0,0,0,0
9001CNFD,9001,Food (57),Rural,0,0,0,0,0,0,0,0,0,0,0,0,0
9002CNFD,9002,Food (57),Rural,0,0,0,0,0,0,0,0,0,0,0,0,0
9005CWFD,9005,Food (57),Rural,0,0,0,0,0,0,0,0,0,0,0,0,0
1001CWFP,1001,Food-prep surface (58),Urban,1,0,0,0,0,0,1,1,0,0,0,0,0
1002CWFP,1002,Food-prep surface (58),Urban,1,1,0,0,0,0,2,1,1,1,0,0,1
1006CWFP,1006,Food-prep surface (58),Urban,1,0,0,0,0,0,1,1,0,0,0,0,0
1007CWFP,1007,Food-prep surface (58),Urban,1,0,0,0,0,0,1,1,0,0,0,0,0
1010CWFP,1010,Food-prep surface (58),Urban,1,0,0,0,0,0,1,1,0,0,0,0,0
1011CWFP,1011,Food-prep surface (58),Urban,1,0,0,0,0,0,1,1,0,0,0,0,0
1012CWFP,1012,Food-prep surface (58),Urban,1,0,0,0,0,0,1,1,0,0,0,0,0
1015CWFP,1015,Food-prep surface (58),Urban,0,0,0,0,0,0,0,0,0,0,0,0,0
1020CNFP,1020,Food-prep surface (58),Urban,1,0,0,0,0,0,1,1,0,0,0,0,0
1021CNFP,1021,Food-prep surface (58),Urban,1,0,0,0,0,0,1,1,0,0,0,0,0
1022CNFP,1022,Food-prep surface (58),Urban,1,0,0,0,0,0,1,1,0,0,0,0,0
1023CNFP,1023,Food-prep surface (58),Urban,1,0,0,0,0,0,1,1,0,0,0,0,0
2001CWFP,2001,Food-prep surface (58),Semirural,1,0,0,0,0,0,1,1,0,0,0,0,0
2008CWFP,2008,Food-prep surface (58),Semirural,1,0,0,0,0,0,1,1,0,0,0,0,0
2012CWFP,2012,Food-prep surface (58),Semirural,1,1,0,0,0,0,2,1,1,1,0,0,1
2015CWFP,2015,Food-prep surface (58),Semirural,1,0,0,0,0,0,1,1,0,0,0,0,0
2016CWFP,2016,Food-prep surface (58),Semirural,1,0,0,0,0,0,1,1,0,0,0,0,0
2018CWFP,2018,Food-prep surface (58),Semirural,1,0,0,0,0,0,1,1,0,0,0,0,0
2021CNFP,2021,Food-prep surface (58),Semirural,1,0,0,0,0,0,1,1,0,0,0,0,0
2022CNFP,2022,Food-prep surface (58),Semirural,1,0,0,0,0,0,1,1,0,0,0,0,0
2023CNFP,2023,Food-prep surface (58),Semirural,1,0,0,0,0,0,1,1,0,0,0,0,0
2025CNFP,2025,Food-prep surface (58),Semirural,1,0,0,0,0,0,1,1,0,0,0,0,0
2026CWFP,2026,Food-prep surface (58),Semirural,1,0,0,0,0,0,1,1,0,0,0,0,0
2027CNFP,2027,Food-prep surface (58),Semirural,1,0,0,0,0,0,1,1,0,0,0,0,0
2028CNFP,2028,Food-prep surface (58),Semirural,1,0,0,0,0,0,1,1,0,0,0,0,0
2029CNFP,2029,Food-prep surface (58),Semirural,1,0,0,1,0,1,3,1,2,1,2,1,0
2030CNFP,2030,Food-prep surface (58),Semirural,1,0,0,0,0,0,1,1,0,0,0,0,0
2031CNFP,2031,Food-prep surface (58),Semirural,1,1,0,0,0,0,2,1,1,1,0,0,1
2032CNFP,2032,Food-prep surface (58),Semirural,1,0,0,0,0,0,1,1,0,0,0,0,0
2033CNFP,2033,Food-prep surface (58),Semirural,1,0,0,0,0,0,1,1,0,0,0,0,0
2034CNFP,2034,Food-prep surface (58),Semirural,1,1,0,0,0,0,2,1,1,1,0,0,1
2035CNFP,2035,Food-prep surface (58),Semirural,1,0,0,0,0,0,1,1,0,0,0,0,0
3003CWFP,3003,Food-prep surface (58),Rural,1,0,0,0,0,0,1,1,0,0,0,0,0
1013CWFP,1013,Food-prep surface (58),Urban,1,0,0,0,0,0,1,1,0,0,0,0,0
1017CWFP,1017,Food-prep surface (58),Urban,1,1,0,0,0,0,2,1,1,1,0,0,1
1019CWFP,1019,Food-prep surface (58),Urban,1,0,0,0,0,0,1,1,0,0,0,0,0
2004CWFP,2004,Food-prep surface (58),Semirural,1,0,0,0,0,0,1,1,0,0,0,0,0
2007CWFP,2007,Food-prep surface (58),Semirural,1,0,0,0,0,0,1,1,0,0,0,0,0
3007CWFP,3007,Food-prep surface (58),Rural,1,0,0,0,0,0,1,1,0,0,0,0,0
3008CNFP,3008,Food-prep surface (58),Rural,1,0,0,0,0,0,1,1,0,0,0,0,0
3009CNFP,3009,Food-prep surface (58),Rural,1,0,0,1,0,0,2,1,1,1,1,1,0
3010CNFP,3010,Food-prep surface (58),Rural,1,0,0,0,0,0,1,1,0,0,0,0,0
4002CWFP,4002,Food-prep surface (58),Rural,1,0,0,0,0,0,1,1,0,0,0,0,0
4004CNFP,4004,Food-prep surface (58),Rural,1,0,0,0,0,0,1,1,0,0,0,0,0
4005CNFP,4005,Food-prep surface (58),Rural,1,0,0,0,0,0,1,1,0,0,0,0,0
4006CNFP,4006,Food-prep surface (58),Rural,1,1,0,0,0,0,2,1,1,1,0,0,1
5001CWFP,5001,Food-prep surface (58),Rural,1,0,0,0,0,0,1,1,0,0,0,0,0
5002CWFP,5002,Food-prep surface (58),Rural,1,0,0,0,0,0,1,1,0,0,0,0,0
7002CWFP,7002,Food-prep surface (58),Rural,1,0,0,0,0,0,1,1,0,0,0,0,0
7003CNFP,7003,Food-prep surface (58),Rural,1,0,0,0,0,0,1,1,0,0,0,0,0
7004CNFP,7004,Food-prep surface (58),Rural,1,0,0,0,0,0,1,1,0,0,0,0,0
9001CNFP,9001,Food-prep surface (58),Rural,1,0,0,0,0,0,1,1,0,0,0,0,0
9002CNFP,9002,Food-prep surface (58),Rural,1,0,0,0,0,0,1,1,0,0,0,0,0
2013CWFP,2013,Food-prep surface (58),Semirural,0,0,0,0,0,0,0,0,0,0,0,0,0
3005CWFP,3005,Food-prep surface (58),Rural,1,0,0,0,0,0,1,1,0,0,0,0,0
9003CWFP,9003,Food-prep surface (58),Rural,1,0,0,0,0,0,1,1,0,0,0,0,0
9006CWFP,9006,Food-prep surface (58),Rural,1,0,0,0,0,0,1,1,0,0,0,0,0
9005CWFP,9005,Food-prep surface (58),Rural,1,0,0,0,0,0,1,1,0,0,0,0,0
2022CNKY,2022,House keys (19),Semirural,1,0,0,0,0,0,1,1,0,0,0,0,0
2023CNKY,2023,House keys (19),Semirural,0,0,0,0,0,0,0,0,0,0,0,0,0
2025CNKY,2025,House keys (19),Semirural,1,0,0,0,0,0,1,1,0,0,0,0,0
2031CNKY,2031,House keys (19),Semirural,1,0,0,0,0,0,1,1,0,0,0,0,0
2032CNKY,2032,House keys (19),Semirural,1,0,0,0,0,0,1,1,0,0,0,0,0
2033CNKY,2033,House keys (19),Semirural,0,0,0,0,0,0,0,0,0,0,0,0,0
2034CNKY,2034,House keys (19),Semirural,1,0,0,0,0,0,1,1,0,0,0,0,0
3008CNKY,3008,House keys (19),Rural,1,0,0,0,0,0,1,1,0,0,0,0,0
3009CNKY,3009,House keys (19),Rural,1,0,0,1,0,0,2,1,1,1,1,1,0
3010CNKY,3010,House keys (19),Rural,1,0,0,0,0,0,1,1,0,0,0,0,0
4004CNKY,4004,House keys (19),Rural,1,0,0,0,0,0,1,1,0,0,0,0,0
4005CNKY,4005,House keys (19),Rural,1,0,0,0,0,0,1,1,0,0,0,0,0
4006CNKY,4006,House keys (19),Rural,0,0,0,0,0,0,0,0,0,0,0,0,0
5001CWKY,5001,House keys (19),Rural,1,0,0,0,0,0,1,1,0,0,0,0,0
7002CWKY,7002,House keys (19),Rural,0,0,0,0,0,0,0,0,0,0,0,0,0
7003CNKY,7003,House keys (19),Rural,1,0,0,0,0,0,1,1,0,0,0,0,0
7004CNKY,7004,House keys (19),Rural,0,0,0,0,0,0,0,0,0,0,0,0,0
9001CNKY,9001,House keys (19),Rural,0,0,0,0,0,0,0,0,0,0,0,0,0
9002CNKY,9002,House keys (19),Rural,0,0,0,0,0,0,0,0,0,0,0,0,0
1001CWSL,1001,Soil (54),Urban,0,0,0,0,0,0,0,0,0,0,0,0,0
1002CWSL,1002,Soil (54),Urban,0,0,0,0,0,0,0,0,0,0,0,0,0
1006CWSL,1006,Soil (54),Urban,0,0,0,0,0,0,0,0,0,0,0,0,0
1007CWSL,1007,Soil (54),Urban,1,0,0,0,0,0,1,1,0,0,0,0,0
1010CWSL,1010,Soil (54),Urban,1,0,0,0,0,0,1,1,0,0,0,0,0
1011CWSL,1011,Soil (54),Urban,0,0,0,0,0,0,0,0,0,0,0,0,0
1015CWSL,1015,Soil (54),Urban,1,0,0,0,0,0,1,1,0,0,0,0,0
1020CNSL,1020,Soil (54),Urban,1,0,0,0,0,0,1,1,0,0,0,0,0
1021CNSL,1021,Soil (54),Urban,1,0,0,0,0,0,1,1,0,0,0,0,0
1022CNSL,1022,Soil (54),Urban,1,0,0,0,0,0,1,1,0,0,0,0,0
1023CNSL,1023,Soil (54),Urban,1,0,0,0,1,0,2,1,1,1,1,1,0
2001CWSL,2001,Soil (54),Semirural,0,0,0,0,0,0,0,0,0,0,0,0,0
2012CWSL,2012,Soil (54),Semirural,0,0,0,0,0,0,0,0,0,0,0,0,0
2015CWSL,2015,Soil (54),Semirural,0,0,0,0,0,0,0,0,0,0,0,0,0
2016CWSL,2016,Soil (54),Semirural,0,0,0,0,0,0,0,0,0,0,0,0,0
2018CWSL,2018,Soil (54),Semirural,1,0,0,0,0,0,1,1,0,0,0,0,0
2021CNSL,2021,Soil (54),Semirural,0,0,0,0,0,0,0,0,0,0,0,0,0
2022CNSL,2022,Soil (54),Semirural,1,0,0,0,0,0,1,1,0,0,0,0,0
2023CNSL,2023,Soil (54),Semirural,0,0,0,0,0,0,0,0,0,0,0,0,0
2025CNSL,2025,Soil (54),Semirural,0,0,0,0,0,0,0,0,0,0,0,0,0
2026CWSL,2026,Soil (54),Semirural,0,0,0,0,0,0,0,0,0,0,0,0,0
2027CNSL,2027,Soil (54),Semirural,0,0,0,0,0,0,0,0,0,0,0,0,0
2028CNSL,2028,Soil (54),Semirural,0,0,0,0,0,0,0,0,0,0,0,0,0
2029CNSL,2029,Soil (54),Semirural,0,0,0,0,0,0,0,0,0,0,0,0,0
2030CNSL,2030,Soil (54),Semirural,0,0,0,0,0,0,0,0,0,0,0,0,0
2031CNSL,2031,Soil (54),Semirural,1,0,0,0,0,0,1,1,0,0,0,0,0
2032CNSL,2032,Soil (54),Semirural,0,0,0,0,0,0,0,0,0,0,0,0,0
2033CNSL,2033,Soil (54),Semirural,1,0,0,0,0,0,1,1,0,0,0,0,0
2034CNSL,2034,Soil (54),Semirural,0,0,0,0,0,0,0,0,0,0,0,0,0
2035CNSL,2035,Soil (54),Semirural,0,0,0,0,0,0,0,0,0,0,0,0,0
3001CWSL,3001,Soil (54),Rural,0,0,0,0,0,0,0,0,0,0,0,0,0
3003CWSL,3003,Soil (54),Rural,0,0,0,0,0,0,0,0,0,0,0,0,0
3007CWSL,3007,Soil (54),Rural,0,0,0,0,0,0,0,0,0,0,0,0,0
3008CNSL,3008,Soil (54),Rural,0,0,0,0,0,0,0,0,0,0,0,0,0
3009CNSL,3009,Soil (54),Rural,0,0,0,0,0,0,0,0,0,0,0,0,0
3010CNSL,3010,Soil (54),Rural,0,0,0,0,0,0,0,0,0,0,0,0,0
4002CWSL,4002,Soil (54),Rural,0,0,0,0,0,0,0,0,0,0,0,0,0
4004CNSL,4004,Soil (54),Rural,0,0,0,0,0,0,0,0,0,0,0,0,0
4005CNSL,4005,Soil (54),Rural,0,0,0,0,0,0,0,0,0,0,0,0,0
4006CNSL,4006,Soil (54),Rural,0,0,0,0,0,0,0,0,0,0,0,0,0
5001CWSL,5001,Soil (54),Rural,0,0,0,0,0,0,0,0,0,0,0,0,0
5002CWSL,5002,Soil (54),Rural,0,0,0,0,0,0,0,0,0,0,0,0,0
7002CWSL,7002,Soil (54),Rural,0,0,0,0,0,0,0,0,0,0,0,0,0
7003CNSL,7003,Soil (54),Rural,0,0,0,0,0,0,0,0,0,0,0,0,0
7004CNSL,7004,Soil (54),Rural,1,0,0,0,0,0,1,1,0,0,0,0,0
9001CNSL,9001,Soil (54),Rural,1,0,0,0,0,0,1,1,0,0,0,0,0
9002CNSL,9002,Soil (54),Rural,0,0,0,0,0,0,0,0,0,0,0,0,0
1013CWSL,1013,Soil (54),Urban,0,0,0,0,0,0,0,0,0,0,0,0,0
2004CWSL,2004,Soil (54),Semirural,0,0,0,0,0,0,0,0,0,0,0,0,0
2013CWSL,2013,Soil (54),Semirural,1,0,0,0,0,0,1,1,0,0,0,0,0
3005CWSL,3005,Soil (54),Rural,0,0,0,0,0,0,0,0,0,0,0,0,0
9003CWSL,9003,Soil (54),Rural,0,0,0,0,0,0,0,0,0,0,0,0,0
9006CWSL,9006,Soil (54),Rural,0,0,0,0,0,0,0,0,0,0,0,0,0
9005CWSL,9005,Soil (54),Rural,0,0,0,0,0,0,0,0,0,0,0,0,0
1001CWTY,1001,Toy (31),Urban,1,0,0,0,0,0,1,1,0,0,0,0,0
1002CWTY,1002,Toy (31),Urban,1,0,0,0,0,0,1,1,0,0,0,0,0
1006CWTY,1006,Toy (31),Urban,1,0,0,0,0,0,1,1,0,0,0,0,0
1007CWTY,1007,Toy (31),Urban,1,0,0,0,0,0,1,1,0,0,0,0,0
1010CWTY,1010,Toy (31),Urban,1,0,0,0,0,0,1,1,0,0,0,0,0
1011CWTY,1011,Toy (31),Urban,1,0,0,0,0,0,1,1,0,0,0,0,0
1012CWTY,1012,Toy (31),Urban,1,1,0,0,0,0,2,1,1,1,0,0,1
1015CWTY,1015,Toy (31),Urban,1,0,0,0,0,0,1,1,0,0,0,0,0
2001CWTY,2001,Toy (31),Semirural,1,1,0,0,0,0,2,1,1,1,0,0,1
2008CWTY,2008,Toy (31),Semirural,1,1,0,0,0,0,2,1,1,1,0,0,1
2012CWTY,2012,Toy (31),Semirural,1,0,0,0,0,0,1,1,0,0,0,0,0
2015CWTY,2015,Toy (31),Semirural,1,0,0,0,0,0,1,1,0,0,0,0,0
2016CWTY,2016,Toy (31),Semirural,0,0,0,0,0,0,0,0,0,0,0,0,0
2018CWTY,2018,Toy (31),Semirural,1,1,0,0,0,0,2,1,1,1,0,0,1
2026CWTY,2026,Toy (31),Semirural,1,0,0,0,0,0,1,1,0,0,0,0,0
3001CWTY,3001,Toy (31),Rural,1,0,0,0,0,0,1,1,0,0,0,0,0
3003CWTY,3003,Toy (31),Rural,1,0,0,0,0,0,1,1,0,0,0,0,0
3007CWTY,3007,Toy (31),Rural,1,0,0,0,0,0,1,1,0,0,0,0,0
4002CWTY,4002,Toy (31),Rural,1,0,0,0,0,0,1,1,0,0,0,0,0
5002CWTY,5002,Toy (31),Rural,1,0,0,0,0,0,1,1,0,0,0,0,0
7002CWTY,7002,Toy (31),Rural,1,0,0,0,0,0,1,1,0,0,0,0,0
9005CWTY,9005,Toy (31),Rural,1,0,0,0,0,0,1,1,0,0,0,0,0
1013CWTY,1013,Toy (31),Urban,1,1,0,0,0,0,2,1,1,1,0,0,1
1017CWTY,1017,Toy (31),Urban,1,1,0,0,0,0,2,1,1,1,0,0,1
1019CWTY,1019,Toy (31),Urban,1,0,0,0,0,0,1,1,0,0,0,0,0
2004CWTY,2004,Toy (31),Semirural,1,1,1,0,0,0,3,1,2,1,1,1,1
2007CWTY,2007,Toy (31),Semirural,1,0,0,0,0,0,1,1,0,0,0,0,0
2013CWTY,2013,Toy (31),Semirural,1,0,0,0,0,0,1,1,0,0,0,0,0
3005CWTY,3005,Toy (31),Rural,1,0,0,0,0,0,1,1,0,0,0,0,0
9003CWTY,9003,Toy (31),Rural,0,0,0,0,0,0,0,0,0,0,0,0,0
9006CWTY,9006,Toy (31),Rural,1,0,0,0,0,0,1,1,0,0,0,0,0
1020CNTV,1020,TV remote (16),Urban,1,0,0,0,0,0,1,1,0,0,0,0,0
1021CNTV,1021,TV remote (16),Urban,1,0,0,0,0,0,1,1,0,0,0,0,0
1023CNTV,1023,TV remote (16),Urban,1,0,0,0,0,0,1,1,0,0,0,0,0
2008CWTV,2008,TV remote (16),Rural,1,1,0,0,0,0,2,1,1,1,0,0,1
2016CWTV,2016,TV remote (16),Rural,1,1,0,0,0,0,2,1,1,1,0,0,1
2033CNTV,2033,TV remote (16),Semirural,1,0,0,0,0,0,1,1,0,0,0,0,0
3007CWTV,3007,TV remote (16),Rural,1,0,0,0,0,0,1,1,0,0,0,0,0
4002CWTV,4002,TV remote (16),Rural,1,0,0,0,0,0,1,1,0,0,0,0,0
4005CNTV,4005,TV remote (16),Rural,1,0,0,0,0,0,1,1,0,0,0,0,0
4006CNTV,4006,TV remote (16),Rural,1,0,0,0,0,0,1,1,0,0,0,0,0
7003CNTV,7003,TV remote (16),Rural,1,0,0,0,0,0,1,1,0,0,0,0,0
7004CNTV,7004,TV remote (16),Rural,1,0,0,0,0,0,1,1,0,0,0,0,0
9002CNTV,9002,TV remote (16),Rural,1,0,0,0,0,0,1,1,0,0,0,0,0
9005CWTV,9005,TV remote (16),Rural,1,0,0,0,0,0,1,1,0,0,0,0,0
1019CWTV,1019,TV remote (16),Rural,1,0,0,0,0,0,1,1,0,0,0,0,0
9006CWTV,9006,TV remote (16),Rural,1,0,0,0,0,0,1,1,0,0,0,0,0
